Copyright 1986-2018 Xilinx, Inc. All Rights Reserved.
--------------------------------------------------------------------------------------------------------------------------------------------------------------------------------------------------------
| Tool Version : Vivado v.2018.2 (win64) Build 2258646 Thu Jun 14 20:03:12 MDT 2018
| Date         : Sat Mar 29 17:52:20 2025
| Host         : The-Almighty-Laptop running 64-bit major release  (build 9200)
| Command      : report_timing_summary -max_paths 10 -file Top_Student_timing_summary_routed.rpt -pb Top_Student_timing_summary_routed.pb -rpx Top_Student_timing_summary_routed.rpx -warn_on_violation
| Design       : Top_Student
| Device       : 7a35t-cpg236
| Speed File   : -1  PRODUCTION 1.22 2018-03-21
--------------------------------------------------------------------------------------------------------------------------------------------------------------------------------------------------------

Timing Summary Report

------------------------------------------------------------------------------------------------
| Timer Settings
| --------------
------------------------------------------------------------------------------------------------

  Enable Multi Corner Analysis               :  Yes
  Enable Pessimism Removal                   :  Yes
  Pessimism Removal Resolution               :  Nearest Common Node
  Enable Input Delay Default Clock           :  No
  Enable Preset / Clear Arcs                 :  No
  Disable Flight Delays                      :  No
  Ignore I/O Paths                           :  No
  Timing Early Launch at Borrowing Latches   :  false

  Corner  Analyze    Analyze    
  Name    Max Paths  Min Paths  
  ------  ---------  ---------  
  Slow    Yes        Yes        
  Fast    Yes        Yes        



check_timing report

Table of Contents
-----------------
1. checking no_clock
2. checking constant_clock
3. checking pulse_width_clock
4. checking unconstrained_internal_endpoints
5. checking no_input_delay
6. checking no_output_delay
7. checking multiple_clock
8. checking generated_clocks
9. checking loops
10. checking partial_input_delay
11. checking partial_output_delay
12. checking latch_loops

1. checking no_clock
--------------------
 There are 115 register/latch pins with no clock driven by root clock pin: nolabel_line14/slow_clock_6p25MHz/slow_clock_reg/Q (HIGH)

 There are 276 register/latch pins with no clock driven by root clock pin: nolabel_line65/confirm_reg/Q (HIGH)


2. checking constant_clock
--------------------------
 There are 0 register/latch pins with constant_clock.


3. checking pulse_width_clock
-----------------------------
 There are 0 register/latch pins which need pulse_width check


4. checking unconstrained_internal_endpoints
--------------------------------------------
 There are 1036 pins that are not constrained for maximum delay. (HIGH)

 There are 0 pins that are not constrained for maximum delay due to constant clock.


5. checking no_input_delay
--------------------------
 There are 5 input ports with no input delay specified. (HIGH)

 There are 0 input ports with no input delay but user has a false path constraint.


6. checking no_output_delay
---------------------------
 There are 20 ports with no output delay specified. (HIGH)

 There are 0 ports with no output delay but user has a false path constraint

 There are 0 ports with no output delay but with a timing clock defined on it or propagating through it


7. checking multiple_clock
--------------------------
 There are 0 register/latch pins with multiple clocks.


8. checking generated_clocks
----------------------------
 There are 0 generated clocks that are not connected to a clock source.


9. checking loops
-----------------
 There are 0 combinational loops in the design.


10. checking partial_input_delay
--------------------------------
 There are 0 input ports with partial input delay specified.


11. checking partial_output_delay
---------------------------------
 There are 0 ports with partial output delay specified.


12. checking latch_loops
------------------------
 There are 0 combinational latch loops in the design through latch input



------------------------------------------------------------------------------------------------
| Design Timing Summary
| ---------------------
------------------------------------------------------------------------------------------------

    WNS(ns)      TNS(ns)  TNS Failing Endpoints  TNS Total Endpoints      WHS(ns)      THS(ns)  THS Failing Endpoints  THS Total Endpoints     WPWS(ns)     TPWS(ns)  TPWS Failing Endpoints  TPWS Total Endpoints  
    -------      -------  ---------------------  -------------------      -------      -------  ---------------------  -------------------     --------     --------  ----------------------  --------------------  
    -15.594     -387.417                     61                  354        0.072        0.000                      0                  354        4.500        0.000                       0                   324  


Timing constraints are not met.


------------------------------------------------------------------------------------------------
| Clock Summary
| -------------
------------------------------------------------------------------------------------------------

Clock        Waveform(ns)       Period(ns)      Frequency(MHz)
-----        ------------       ----------      --------------
sys_clk_pin  {0.000 5.000}      10.000          100.000         


------------------------------------------------------------------------------------------------
| Intra Clock Table
| -----------------
------------------------------------------------------------------------------------------------

Clock             WNS(ns)      TNS(ns)  TNS Failing Endpoints  TNS Total Endpoints      WHS(ns)      THS(ns)  THS Failing Endpoints  THS Total Endpoints     WPWS(ns)     TPWS(ns)  TPWS Failing Endpoints  TPWS Total Endpoints  
-----             -------      -------  ---------------------  -------------------      -------      -------  ---------------------  -------------------     --------     --------  ----------------------  --------------------  
sys_clk_pin       -15.594     -387.417                     61                  354        0.072        0.000                      0                  354        4.500        0.000                       0                   324  


------------------------------------------------------------------------------------------------
| Inter Clock Table
| -----------------
------------------------------------------------------------------------------------------------

From Clock    To Clock          WNS(ns)      TNS(ns)  TNS Failing Endpoints  TNS Total Endpoints      WHS(ns)      THS(ns)  THS Failing Endpoints  THS Total Endpoints  
----------    --------          -------      -------  ---------------------  -------------------      -------      -------  ---------------------  -------------------  


------------------------------------------------------------------------------------------------
| Other Path Groups Table
| -----------------------
------------------------------------------------------------------------------------------------

Path Group    From Clock    To Clock          WNS(ns)      TNS(ns)  TNS Failing Endpoints  TNS Total Endpoints      WHS(ns)      THS(ns)  THS Failing Endpoints  THS Total Endpoints  
----------    ----------    --------          -------      -------  ---------------------  -------------------      -------      -------  ---------------------  -------------------  


------------------------------------------------------------------------------------------------
| Timing Details
| --------------
------------------------------------------------------------------------------------------------


---------------------------------------------------------------------------------------------------
From Clock:  sys_clk_pin
  To Clock:  sys_clk_pin

Setup :           61  Failing Endpoints,  Worst Slack      -15.594ns,  Total Violation     -387.417ns
Hold  :            0  Failing Endpoints,  Worst Slack        0.072ns,  Total Violation        0.000ns
PW    :            0  Failing Endpoints,  Worst Slack        4.500ns,  Total Violation        0.000ns
---------------------------------------------------------------------------------------------------


Max Delay Paths
--------------------------------------------------------------------------------------
Slack (VIOLATED) :        -15.594ns  (required time - arrival time)
  Source:                 nolabel_line49/vga_sync_unit/h_count_reg_reg[3]/C
                            (rising edge-triggered cell FDRE clocked by sys_clk_pin  {rise@0.000ns fall@5.000ns period=10.000ns})
  Destination:            nolabel_line49/rgb_reg_reg[5]_lopt_replica/D
                            (rising edge-triggered cell FDRE clocked by sys_clk_pin  {rise@0.000ns fall@5.000ns period=10.000ns})
  Path Group:             sys_clk_pin
  Path Type:              Setup (Max at Slow Process Corner)
  Requirement:            10.000ns  (sys_clk_pin rise@10.000ns - sys_clk_pin rise@0.000ns)
  Data Path Delay:        25.412ns  (logic 14.840ns (58.397%)  route 10.572ns (41.603%))
  Logic Levels:           32  (CARRY4=15 DSP48E1=2 LUT2=3 LUT3=2 LUT4=1 LUT5=2 LUT6=7)
  Clock Path Skew:        -0.118ns (DCD - SCD + CPR)
    Destination Clock Delay (DCD):    4.780ns = ( 14.780 - 10.000 ) 
    Source Clock Delay      (SCD):    5.158ns
    Clock Pessimism Removal (CPR):    0.260ns
  Clock Uncertainty:      0.035ns  ((TSJ^2 + TIJ^2)^1/2 + DJ) / 2 + PE
    Total System Jitter     (TSJ):    0.071ns
    Total Input Jitter      (TIJ):    0.000ns
    Discrete Jitter          (DJ):    0.000ns
    Phase Error              (PE):    0.000ns

    Location             Delay type                Incr(ns)  Path(ns)    Netlist Resource(s)
  -------------------------------------------------------------------    -------------------
                         (clock sys_clk_pin rise edge)
                                                      0.000     0.000 r  
    W5                                                0.000     0.000 r  basys_clock (IN)
                         net (fo=0)                   0.000     0.000    basys_clock
    W5                   IBUF (Prop_ibuf_I_O)         1.458     1.458 r  basys_clock_IBUF_inst/O
                         net (fo=1, routed)           1.967     3.425    basys_clock_IBUF
    BUFGCTRL_X0Y0        BUFG (Prop_bufg_I_O)         0.096     3.521 r  basys_clock_IBUF_BUFG_inst/O
                         net (fo=323, routed)         1.637     5.158    nolabel_line49/vga_sync_unit/basys_clock_IBUF_BUFG
    SLICE_X1Y8           FDRE                                         r  nolabel_line49/vga_sync_unit/h_count_reg_reg[3]/C
  -------------------------------------------------------------------    -------------------
    SLICE_X1Y8           FDRE (Prop_fdre_C_Q)         0.456     5.614 r  nolabel_line49/vga_sync_unit/h_count_reg_reg[3]/Q
                         net (fo=80, routed)          0.889     6.503    nolabel_line49/vga_sync_unit/x[3]
    SLICE_X2Y9           LUT6 (Prop_lut6_I1_O)        0.124     6.627 r  nolabel_line49/vga_sync_unit/data[9]_i_56/O
                         net (fo=70, routed)          0.517     7.144    nolabel_line49/vga_sync_unit/data[9]_i_56_n_0
    SLICE_X1Y11          LUT3 (Prop_lut3_I1_O)        0.124     7.268 r  nolabel_line49/vga_sync_unit/data[9]_i_298/O
                         net (fo=54, routed)          0.570     7.839    nolabel_line49/vga_sync_unit/data[9]_i_298_n_0
    SLICE_X3Y11          LUT6 (Prop_lut6_I0_O)        0.124     7.963 r  nolabel_line49/vga_sync_unit/rgb_reg3__2_i_253/O
                         net (fo=1, routed)           0.000     7.963    nolabel_line49/vga_sync_unit/rgb_reg3__2_i_253_n_0
    SLICE_X3Y11          CARRY4 (Prop_carry4_S[3]_CO[3])
                                                      0.401     8.364 r  nolabel_line49/vga_sync_unit/rgb_reg3__2_i_224/CO[3]
                         net (fo=1, routed)           0.000     8.364    nolabel_line49/vga_sync_unit/rgb_reg3__2_i_224_n_0
    SLICE_X3Y12          CARRY4 (Prop_carry4_CI_CO[3])
                                                      0.114     8.478 r  nolabel_line49/vga_sync_unit/rgb_reg3__2_i_195/CO[3]
                         net (fo=1, routed)           0.000     8.478    nolabel_line49/vga_sync_unit/rgb_reg3__2_i_195_n_0
    SLICE_X3Y13          CARRY4 (Prop_carry4_CI_CO[1])
                                                      0.157     8.635 r  nolabel_line49/vga_sync_unit/rgb_reg3__2_i_166/CO[1]
                         net (fo=40, routed)          0.731     9.365    nolabel_line49/vga_sync_unit/rgb_reg3__2[0]
    SLICE_X2Y17          CARRY4 (Prop_carry4_CYINIT_O[1])
                                                      0.835    10.200 r  nolabel_line49/vga_sync_unit/rgb_reg3__2_i_164/O[1]
                         net (fo=3, routed)           0.449    10.649    nolabel_line49/vga_sync_unit/rgb_reg3__2_i_164_n_6
    SLICE_X4Y18          LUT4 (Prop_lut4_I3_O)        0.306    10.955 r  nolabel_line49/vga_sync_unit/rgb_reg3__2_i_102/O
                         net (fo=1, routed)           0.000    10.955    nolabel_line49/vga_sync_unit/rgb_reg3__2_i_102_n_0
    SLICE_X4Y18          CARRY4 (Prop_carry4_S[1]_O[2])
                                                      0.580    11.535 r  nolabel_line49/vga_sync_unit/rgb_reg3__2_i_69/O[2]
                         net (fo=3, routed)           0.652    12.187    nolabel_line49_n_177
    SLICE_X7Y18          LUT5 (Prop_lut5_I4_O)        0.302    12.489 r  rgb_reg3__2_i_47/O
                         net (fo=1, routed)           0.000    12.489    nolabel_line49/vga_sync_unit/h_count_reg_reg[8]_25[3]
    SLICE_X7Y18          CARRY4 (Prop_carry4_S[3]_CO[3])
                                                      0.401    12.890 r  nolabel_line49/vga_sync_unit/rgb_reg3__2_i_37/CO[3]
                         net (fo=1, routed)           0.000    12.890    nolabel_line49/vga_sync_unit/rgb_reg3__2_i_37_n_0
    SLICE_X7Y19          CARRY4 (Prop_carry4_CI_O[1])
                                                      0.334    13.224 r  nolabel_line49/vga_sync_unit/rgb_reg3__2_i_41/O[1]
                         net (fo=4, routed)           0.861    14.085    nolabel_line49_n_184
    SLICE_X8Y18          LUT3 (Prop_lut3_I2_O)        0.303    14.388 r  rgb_reg3__2_i_38/O
                         net (fo=1, routed)           0.000    14.388    rgb_reg3__2_i_38_n_0
    SLICE_X8Y18          CARRY4 (Prop_carry4_S[3]_CO[3])
                                                      0.376    14.764 r  rgb_reg3__2_i_31/CO[3]
                         net (fo=1, routed)           0.000    14.764    rgb_reg3__2_i_31_n_0
    SLICE_X8Y19          CARRY4 (Prop_carry4_CI_O[0])
                                                      0.219    14.983 r  rgb_reg3__2_i_29/O[0]
                         net (fo=1, routed)           0.484    15.467    nolabel_line49/vga_sync_unit/h_count_reg_reg[0]_1[0]
    SLICE_X9Y19          LUT2 (Prop_lut2_I1_O)        0.295    15.762 r  nolabel_line49/vga_sync_unit/rgb_reg3__2_i_19/O
                         net (fo=1, routed)           0.000    15.762    nolabel_line49/vga_sync_unit/rgb_reg3__2_i_19_n_0
    SLICE_X9Y19          CARRY4 (Prop_carry4_S[1]_O[2])
                                                      0.580    16.342 r  nolabel_line49/vga_sync_unit/rgb_reg3__2_i_12/O[2]
                         net (fo=10, routed)          0.647    16.989    nolabel_line49/vga_sync_unit_n_334
    SLICE_X13Y17         LUT6 (Prop_lut6_I5_O)        0.302    17.291 r  nolabel_line49/rgb_reg3__2_i_15/O
                         net (fo=5, routed)           0.178    17.469    nolabel_line49/rgb_reg3__2_i_15_n_0
    SLICE_X13Y17         LUT6 (Prop_lut6_I2_O)        0.124    17.593 f  nolabel_line49/rgb_reg3__2_i_11/O
                         net (fo=9, routed)           0.411    18.004    nolabel_line49/rgb_reg3__2_i_11_n_0
    SLICE_X12Y17         LUT5 (Prop_lut5_I0_O)        0.124    18.128 r  nolabel_line49/rgb_reg3__2_i_1/O
                         net (fo=10, routed)          0.652    18.780    nolabel_line49/rgb_reg3__2_i_1_n_0
    DSP48_X0Y7           DSP48E1 (Prop_dsp48e1_A[6]_PCOUT[47])
                                                      4.036    22.816 r  nolabel_line49/rgb_reg3__3/PCOUT[47]
                         net (fo=1, routed)           0.002    22.818    nolabel_line49/rgb_reg3__3_n_106
    DSP48_X0Y8           DSP48E1 (Prop_dsp48e1_PCIN[47]_P[0])
                                                      1.518    24.336 r  nolabel_line49/rgb_reg3__4/P[0]
                         net (fo=2, routed)           0.781    25.117    nolabel_line49/rgb_reg3__4_n_105
    SLICE_X10Y19         LUT2 (Prop_lut2_I0_O)        0.124    25.241 r  nolabel_line49/rgb_reg[7]_i_103/O
                         net (fo=1, routed)           0.000    25.241    nolabel_line49/rgb_reg[7]_i_103_n_0
    SLICE_X10Y19         CARRY4 (Prop_carry4_S[1]_CO[3])
                                                      0.533    25.774 r  nolabel_line49/rgb_reg_reg[7]_i_79/CO[3]
                         net (fo=1, routed)           0.000    25.774    nolabel_line49/rgb_reg_reg[7]_i_79_n_0
    SLICE_X10Y20         CARRY4 (Prop_carry4_CI_CO[3])
                                                      0.117    25.891 r  nolabel_line49/rgb_reg_reg[7]_i_63/CO[3]
                         net (fo=1, routed)           0.000    25.891    nolabel_line49/rgb_reg_reg[7]_i_63_n_0
    SLICE_X10Y21         CARRY4 (Prop_carry4_CI_O[0])
                                                      0.219    26.110 r  nolabel_line49/rgb_reg_reg[7]_i_40/O[0]
                         net (fo=2, routed)           0.637    26.747    nolabel_line49/rgb_reg_reg[7]_i_40_n_7
    SLICE_X11Y21         LUT2 (Prop_lut2_I0_O)        0.295    27.042 r  nolabel_line49/rgb_reg[7]_i_44/O
                         net (fo=1, routed)           0.000    27.042    nolabel_line49/rgb_reg[7]_i_44_n_0
    SLICE_X11Y21         CARRY4 (Prop_carry4_S[0]_CO[3])
                                                      0.532    27.574 r  nolabel_line49/rgb_reg_reg[7]_i_14/CO[3]
                         net (fo=1, routed)           0.000    27.574    nolabel_line49/rgb_reg_reg[7]_i_14_n_0
    SLICE_X11Y22         CARRY4 (Prop_carry4_CI_O[1])
                                                      0.334    27.908 f  nolabel_line49/rgb_reg_reg[7]_i_34/O[1]
                         net (fo=1, routed)           0.741    28.648    nolabel_line49/rgb_reg2[29]
    SLICE_X13Y21         LUT6 (Prop_lut6_I1_O)        0.303    28.951 f  nolabel_line49/rgb_reg[7]_i_10/O
                         net (fo=1, routed)           0.715    29.667    nolabel_line49/rgb_reg[7]_i_10_n_0
    SLICE_X13Y20         LUT6 (Prop_lut6_I0_O)        0.124    29.791 f  nolabel_line49/rgb_reg[7]_i_3/O
                         net (fo=8, routed)           0.466    30.257    nolabel_line49/vga_sync_unit/rgb_reg3__3
    SLICE_X15Y19         LUT6 (Prop_lut6_I2_O)        0.124    30.381 r  nolabel_line49/vga_sync_unit/rgb_reg[5]_i_1/O
                         net (fo=2, routed)           0.190    30.571    nolabel_line49/p_0_in[5]
    SLICE_X14Y19         FDRE                                         r  nolabel_line49/rgb_reg_reg[5]_lopt_replica/D
  -------------------------------------------------------------------    -------------------

                         (clock sys_clk_pin rise edge)
                                                     10.000    10.000 r  
    W5                                                0.000    10.000 r  basys_clock (IN)
                         net (fo=0)                   0.000    10.000    basys_clock
    W5                   IBUF (Prop_ibuf_I_O)         1.388    11.388 r  basys_clock_IBUF_inst/O
                         net (fo=1, routed)           1.862    13.250    basys_clock_IBUF
    BUFGCTRL_X0Y0        BUFG (Prop_bufg_I_O)         0.091    13.341 r  basys_clock_IBUF_BUFG_inst/O
                         net (fo=323, routed)         1.439    14.780    nolabel_line49/basys_clock_IBUF_BUFG
    SLICE_X14Y19         FDRE                                         r  nolabel_line49/rgb_reg_reg[5]_lopt_replica/C
                         clock pessimism              0.260    15.040    
                         clock uncertainty           -0.035    15.005    
    SLICE_X14Y19         FDRE (Setup_fdre_C_D)       -0.028    14.977    nolabel_line49/rgb_reg_reg[5]_lopt_replica
  -------------------------------------------------------------------
                         required time                         14.977    
                         arrival time                         -30.571    
  -------------------------------------------------------------------
                         slack                                -15.594    

Slack (VIOLATED) :        -15.573ns  (required time - arrival time)
  Source:                 nolabel_line49/vga_sync_unit/h_count_reg_reg[3]/C
                            (rising edge-triggered cell FDRE clocked by sys_clk_pin  {rise@0.000ns fall@5.000ns period=10.000ns})
  Destination:            nolabel_line49/rgb_reg_reg[1]/D
                            (rising edge-triggered cell FDSE clocked by sys_clk_pin  {rise@0.000ns fall@5.000ns period=10.000ns})
  Path Group:             sys_clk_pin
  Path Type:              Setup (Max at Slow Process Corner)
  Requirement:            10.000ns  (sys_clk_pin rise@10.000ns - sys_clk_pin rise@0.000ns)
  Data Path Delay:        25.449ns  (logic 14.866ns (58.414%)  route 10.583ns (41.586%))
  Logic Levels:           32  (CARRY4=15 DSP48E1=2 LUT2=3 LUT3=2 LUT4=1 LUT5=3 LUT6=6)
  Clock Path Skew:        -0.119ns (DCD - SCD + CPR)
    Destination Clock Delay (DCD):    4.779ns = ( 14.779 - 10.000 ) 
    Source Clock Delay      (SCD):    5.158ns
    Clock Pessimism Removal (CPR):    0.260ns
  Clock Uncertainty:      0.035ns  ((TSJ^2 + TIJ^2)^1/2 + DJ) / 2 + PE
    Total System Jitter     (TSJ):    0.071ns
    Total Input Jitter      (TIJ):    0.000ns
    Discrete Jitter          (DJ):    0.000ns
    Phase Error              (PE):    0.000ns

    Location             Delay type                Incr(ns)  Path(ns)    Netlist Resource(s)
  -------------------------------------------------------------------    -------------------
                         (clock sys_clk_pin rise edge)
                                                      0.000     0.000 r  
    W5                                                0.000     0.000 r  basys_clock (IN)
                         net (fo=0)                   0.000     0.000    basys_clock
    W5                   IBUF (Prop_ibuf_I_O)         1.458     1.458 r  basys_clock_IBUF_inst/O
                         net (fo=1, routed)           1.967     3.425    basys_clock_IBUF
    BUFGCTRL_X0Y0        BUFG (Prop_bufg_I_O)         0.096     3.521 r  basys_clock_IBUF_BUFG_inst/O
                         net (fo=323, routed)         1.637     5.158    nolabel_line49/vga_sync_unit/basys_clock_IBUF_BUFG
    SLICE_X1Y8           FDRE                                         r  nolabel_line49/vga_sync_unit/h_count_reg_reg[3]/C
  -------------------------------------------------------------------    -------------------
    SLICE_X1Y8           FDRE (Prop_fdre_C_Q)         0.456     5.614 r  nolabel_line49/vga_sync_unit/h_count_reg_reg[3]/Q
                         net (fo=80, routed)          0.889     6.503    nolabel_line49/vga_sync_unit/x[3]
    SLICE_X2Y9           LUT6 (Prop_lut6_I1_O)        0.124     6.627 r  nolabel_line49/vga_sync_unit/data[9]_i_56/O
                         net (fo=70, routed)          0.517     7.144    nolabel_line49/vga_sync_unit/data[9]_i_56_n_0
    SLICE_X1Y11          LUT3 (Prop_lut3_I1_O)        0.124     7.268 r  nolabel_line49/vga_sync_unit/data[9]_i_298/O
                         net (fo=54, routed)          0.570     7.839    nolabel_line49/vga_sync_unit/data[9]_i_298_n_0
    SLICE_X3Y11          LUT6 (Prop_lut6_I0_O)        0.124     7.963 r  nolabel_line49/vga_sync_unit/rgb_reg3__2_i_253/O
                         net (fo=1, routed)           0.000     7.963    nolabel_line49/vga_sync_unit/rgb_reg3__2_i_253_n_0
    SLICE_X3Y11          CARRY4 (Prop_carry4_S[3]_CO[3])
                                                      0.401     8.364 r  nolabel_line49/vga_sync_unit/rgb_reg3__2_i_224/CO[3]
                         net (fo=1, routed)           0.000     8.364    nolabel_line49/vga_sync_unit/rgb_reg3__2_i_224_n_0
    SLICE_X3Y12          CARRY4 (Prop_carry4_CI_CO[3])
                                                      0.114     8.478 r  nolabel_line49/vga_sync_unit/rgb_reg3__2_i_195/CO[3]
                         net (fo=1, routed)           0.000     8.478    nolabel_line49/vga_sync_unit/rgb_reg3__2_i_195_n_0
    SLICE_X3Y13          CARRY4 (Prop_carry4_CI_CO[1])
                                                      0.157     8.635 r  nolabel_line49/vga_sync_unit/rgb_reg3__2_i_166/CO[1]
                         net (fo=40, routed)          0.731     9.365    nolabel_line49/vga_sync_unit/rgb_reg3__2[0]
    SLICE_X2Y17          CARRY4 (Prop_carry4_CYINIT_O[1])
                                                      0.835    10.200 r  nolabel_line49/vga_sync_unit/rgb_reg3__2_i_164/O[1]
                         net (fo=3, routed)           0.449    10.649    nolabel_line49/vga_sync_unit/rgb_reg3__2_i_164_n_6
    SLICE_X4Y18          LUT4 (Prop_lut4_I3_O)        0.306    10.955 r  nolabel_line49/vga_sync_unit/rgb_reg3__2_i_102/O
                         net (fo=1, routed)           0.000    10.955    nolabel_line49/vga_sync_unit/rgb_reg3__2_i_102_n_0
    SLICE_X4Y18          CARRY4 (Prop_carry4_S[1]_O[2])
                                                      0.580    11.535 r  nolabel_line49/vga_sync_unit/rgb_reg3__2_i_69/O[2]
                         net (fo=3, routed)           0.652    12.187    nolabel_line49_n_177
    SLICE_X7Y18          LUT5 (Prop_lut5_I4_O)        0.302    12.489 r  rgb_reg3__2_i_47/O
                         net (fo=1, routed)           0.000    12.489    nolabel_line49/vga_sync_unit/h_count_reg_reg[8]_25[3]
    SLICE_X7Y18          CARRY4 (Prop_carry4_S[3]_CO[3])
                                                      0.401    12.890 r  nolabel_line49/vga_sync_unit/rgb_reg3__2_i_37/CO[3]
                         net (fo=1, routed)           0.000    12.890    nolabel_line49/vga_sync_unit/rgb_reg3__2_i_37_n_0
    SLICE_X7Y19          CARRY4 (Prop_carry4_CI_O[1])
                                                      0.334    13.224 r  nolabel_line49/vga_sync_unit/rgb_reg3__2_i_41/O[1]
                         net (fo=4, routed)           0.861    14.085    nolabel_line49_n_184
    SLICE_X8Y18          LUT3 (Prop_lut3_I2_O)        0.303    14.388 r  rgb_reg3__2_i_38/O
                         net (fo=1, routed)           0.000    14.388    rgb_reg3__2_i_38_n_0
    SLICE_X8Y18          CARRY4 (Prop_carry4_S[3]_CO[3])
                                                      0.376    14.764 r  rgb_reg3__2_i_31/CO[3]
                         net (fo=1, routed)           0.000    14.764    rgb_reg3__2_i_31_n_0
    SLICE_X8Y19          CARRY4 (Prop_carry4_CI_O[0])
                                                      0.219    14.983 r  rgb_reg3__2_i_29/O[0]
                         net (fo=1, routed)           0.484    15.467    nolabel_line49/vga_sync_unit/h_count_reg_reg[0]_1[0]
    SLICE_X9Y19          LUT2 (Prop_lut2_I1_O)        0.295    15.762 r  nolabel_line49/vga_sync_unit/rgb_reg3__2_i_19/O
                         net (fo=1, routed)           0.000    15.762    nolabel_line49/vga_sync_unit/rgb_reg3__2_i_19_n_0
    SLICE_X9Y19          CARRY4 (Prop_carry4_S[1]_O[2])
                                                      0.580    16.342 r  nolabel_line49/vga_sync_unit/rgb_reg3__2_i_12/O[2]
                         net (fo=10, routed)          0.647    16.989    nolabel_line49/vga_sync_unit_n_334
    SLICE_X13Y17         LUT6 (Prop_lut6_I5_O)        0.302    17.291 r  nolabel_line49/rgb_reg3__2_i_15/O
                         net (fo=5, routed)           0.178    17.469    nolabel_line49/rgb_reg3__2_i_15_n_0
    SLICE_X13Y17         LUT6 (Prop_lut6_I2_O)        0.124    17.593 f  nolabel_line49/rgb_reg3__2_i_11/O
                         net (fo=9, routed)           0.411    18.004    nolabel_line49/rgb_reg3__2_i_11_n_0
    SLICE_X12Y17         LUT5 (Prop_lut5_I0_O)        0.124    18.128 r  nolabel_line49/rgb_reg3__2_i_1/O
                         net (fo=10, routed)          0.652    18.780    nolabel_line49/rgb_reg3__2_i_1_n_0
    DSP48_X0Y7           DSP48E1 (Prop_dsp48e1_A[6]_PCOUT[47])
                                                      4.036    22.816 r  nolabel_line49/rgb_reg3__3/PCOUT[47]
                         net (fo=1, routed)           0.002    22.818    nolabel_line49/rgb_reg3__3_n_106
    DSP48_X0Y8           DSP48E1 (Prop_dsp48e1_PCIN[47]_P[0])
                                                      1.518    24.336 r  nolabel_line49/rgb_reg3__4/P[0]
                         net (fo=2, routed)           0.781    25.117    nolabel_line49/rgb_reg3__4_n_105
    SLICE_X10Y19         LUT2 (Prop_lut2_I0_O)        0.124    25.241 r  nolabel_line49/rgb_reg[7]_i_103/O
                         net (fo=1, routed)           0.000    25.241    nolabel_line49/rgb_reg[7]_i_103_n_0
    SLICE_X10Y19         CARRY4 (Prop_carry4_S[1]_CO[3])
                                                      0.533    25.774 r  nolabel_line49/rgb_reg_reg[7]_i_79/CO[3]
                         net (fo=1, routed)           0.000    25.774    nolabel_line49/rgb_reg_reg[7]_i_79_n_0
    SLICE_X10Y20         CARRY4 (Prop_carry4_CI_CO[3])
                                                      0.117    25.891 r  nolabel_line49/rgb_reg_reg[7]_i_63/CO[3]
                         net (fo=1, routed)           0.000    25.891    nolabel_line49/rgb_reg_reg[7]_i_63_n_0
    SLICE_X10Y21         CARRY4 (Prop_carry4_CI_O[0])
                                                      0.219    26.110 r  nolabel_line49/rgb_reg_reg[7]_i_40/O[0]
                         net (fo=2, routed)           0.637    26.747    nolabel_line49/rgb_reg_reg[7]_i_40_n_7
    SLICE_X11Y21         LUT2 (Prop_lut2_I0_O)        0.295    27.042 r  nolabel_line49/rgb_reg[7]_i_44/O
                         net (fo=1, routed)           0.000    27.042    nolabel_line49/rgb_reg[7]_i_44_n_0
    SLICE_X11Y21         CARRY4 (Prop_carry4_S[0]_CO[3])
                                                      0.532    27.574 r  nolabel_line49/rgb_reg_reg[7]_i_14/CO[3]
                         net (fo=1, routed)           0.000    27.574    nolabel_line49/rgb_reg_reg[7]_i_14_n_0
    SLICE_X11Y22         CARRY4 (Prop_carry4_CI_O[1])
                                                      0.334    27.908 r  nolabel_line49/rgb_reg_reg[7]_i_34/O[1]
                         net (fo=1, routed)           0.741    28.648    nolabel_line49/rgb_reg2[29]
    SLICE_X13Y21         LUT6 (Prop_lut6_I1_O)        0.303    28.951 r  nolabel_line49/rgb_reg[7]_i_10/O
                         net (fo=1, routed)           0.715    29.667    nolabel_line49/rgb_reg[7]_i_10_n_0
    SLICE_X13Y20         LUT6 (Prop_lut6_I0_O)        0.124    29.791 r  nolabel_line49/rgb_reg[7]_i_3/O
                         net (fo=8, routed)           0.667    30.458    nolabel_line49/piece_render_inst/piece_mux_inst/rgb_reg3__3
    SLICE_X13Y21         LUT5 (Prop_lut5_I0_O)        0.150    30.608 r  nolabel_line49/piece_render_inst/piece_mux_inst/rgb_reg[1]_i_1/O
                         net (fo=2, routed)           0.000    30.608    nolabel_line49/piece_render_inst_n_1
    SLICE_X13Y21         FDSE                                         r  nolabel_line49/rgb_reg_reg[1]/D
  -------------------------------------------------------------------    -------------------

                         (clock sys_clk_pin rise edge)
                                                     10.000    10.000 r  
    W5                                                0.000    10.000 r  basys_clock (IN)
                         net (fo=0)                   0.000    10.000    basys_clock
    W5                   IBUF (Prop_ibuf_I_O)         1.388    11.388 r  basys_clock_IBUF_inst/O
                         net (fo=1, routed)           1.862    13.250    basys_clock_IBUF
    BUFGCTRL_X0Y0        BUFG (Prop_bufg_I_O)         0.091    13.341 r  basys_clock_IBUF_BUFG_inst/O
                         net (fo=323, routed)         1.438    14.779    nolabel_line49/basys_clock_IBUF_BUFG
    SLICE_X13Y21         FDSE                                         r  nolabel_line49/rgb_reg_reg[1]/C
                         clock pessimism              0.260    15.039    
                         clock uncertainty           -0.035    15.004    
    SLICE_X13Y21         FDSE (Setup_fdse_C_D)        0.031    15.035    nolabel_line49/rgb_reg_reg[1]
  -------------------------------------------------------------------
                         required time                         15.035    
                         arrival time                         -30.608    
  -------------------------------------------------------------------
                         slack                                -15.573    

Slack (VIOLATED) :        -15.572ns  (required time - arrival time)
  Source:                 nolabel_line49/vga_sync_unit/h_count_reg_reg[3]/C
                            (rising edge-triggered cell FDRE clocked by sys_clk_pin  {rise@0.000ns fall@5.000ns period=10.000ns})
  Destination:            nolabel_line49/rgb_reg_reg[1]_lopt_replica/D
                            (rising edge-triggered cell FDSE clocked by sys_clk_pin  {rise@0.000ns fall@5.000ns period=10.000ns})
  Path Group:             sys_clk_pin
  Path Type:              Setup (Max at Slow Process Corner)
  Requirement:            10.000ns  (sys_clk_pin rise@10.000ns - sys_clk_pin rise@0.000ns)
  Data Path Delay:        25.449ns  (logic 14.866ns (58.414%)  route 10.583ns (41.586%))
  Logic Levels:           32  (CARRY4=15 DSP48E1=2 LUT2=3 LUT3=2 LUT4=1 LUT5=3 LUT6=6)
  Clock Path Skew:        -0.119ns (DCD - SCD + CPR)
    Destination Clock Delay (DCD):    4.779ns = ( 14.779 - 10.000 ) 
    Source Clock Delay      (SCD):    5.158ns
    Clock Pessimism Removal (CPR):    0.260ns
  Clock Uncertainty:      0.035ns  ((TSJ^2 + TIJ^2)^1/2 + DJ) / 2 + PE
    Total System Jitter     (TSJ):    0.071ns
    Total Input Jitter      (TIJ):    0.000ns
    Discrete Jitter          (DJ):    0.000ns
    Phase Error              (PE):    0.000ns

    Location             Delay type                Incr(ns)  Path(ns)    Netlist Resource(s)
  -------------------------------------------------------------------    -------------------
                         (clock sys_clk_pin rise edge)
                                                      0.000     0.000 r  
    W5                                                0.000     0.000 r  basys_clock (IN)
                         net (fo=0)                   0.000     0.000    basys_clock
    W5                   IBUF (Prop_ibuf_I_O)         1.458     1.458 r  basys_clock_IBUF_inst/O
                         net (fo=1, routed)           1.967     3.425    basys_clock_IBUF
    BUFGCTRL_X0Y0        BUFG (Prop_bufg_I_O)         0.096     3.521 r  basys_clock_IBUF_BUFG_inst/O
                         net (fo=323, routed)         1.637     5.158    nolabel_line49/vga_sync_unit/basys_clock_IBUF_BUFG
    SLICE_X1Y8           FDRE                                         r  nolabel_line49/vga_sync_unit/h_count_reg_reg[3]/C
  -------------------------------------------------------------------    -------------------
    SLICE_X1Y8           FDRE (Prop_fdre_C_Q)         0.456     5.614 r  nolabel_line49/vga_sync_unit/h_count_reg_reg[3]/Q
                         net (fo=80, routed)          0.889     6.503    nolabel_line49/vga_sync_unit/x[3]
    SLICE_X2Y9           LUT6 (Prop_lut6_I1_O)        0.124     6.627 r  nolabel_line49/vga_sync_unit/data[9]_i_56/O
                         net (fo=70, routed)          0.517     7.144    nolabel_line49/vga_sync_unit/data[9]_i_56_n_0
    SLICE_X1Y11          LUT3 (Prop_lut3_I1_O)        0.124     7.268 r  nolabel_line49/vga_sync_unit/data[9]_i_298/O
                         net (fo=54, routed)          0.570     7.839    nolabel_line49/vga_sync_unit/data[9]_i_298_n_0
    SLICE_X3Y11          LUT6 (Prop_lut6_I0_O)        0.124     7.963 r  nolabel_line49/vga_sync_unit/rgb_reg3__2_i_253/O
                         net (fo=1, routed)           0.000     7.963    nolabel_line49/vga_sync_unit/rgb_reg3__2_i_253_n_0
    SLICE_X3Y11          CARRY4 (Prop_carry4_S[3]_CO[3])
                                                      0.401     8.364 r  nolabel_line49/vga_sync_unit/rgb_reg3__2_i_224/CO[3]
                         net (fo=1, routed)           0.000     8.364    nolabel_line49/vga_sync_unit/rgb_reg3__2_i_224_n_0
    SLICE_X3Y12          CARRY4 (Prop_carry4_CI_CO[3])
                                                      0.114     8.478 r  nolabel_line49/vga_sync_unit/rgb_reg3__2_i_195/CO[3]
                         net (fo=1, routed)           0.000     8.478    nolabel_line49/vga_sync_unit/rgb_reg3__2_i_195_n_0
    SLICE_X3Y13          CARRY4 (Prop_carry4_CI_CO[1])
                                                      0.157     8.635 r  nolabel_line49/vga_sync_unit/rgb_reg3__2_i_166/CO[1]
                         net (fo=40, routed)          0.731     9.365    nolabel_line49/vga_sync_unit/rgb_reg3__2[0]
    SLICE_X2Y17          CARRY4 (Prop_carry4_CYINIT_O[1])
                                                      0.835    10.200 r  nolabel_line49/vga_sync_unit/rgb_reg3__2_i_164/O[1]
                         net (fo=3, routed)           0.449    10.649    nolabel_line49/vga_sync_unit/rgb_reg3__2_i_164_n_6
    SLICE_X4Y18          LUT4 (Prop_lut4_I3_O)        0.306    10.955 r  nolabel_line49/vga_sync_unit/rgb_reg3__2_i_102/O
                         net (fo=1, routed)           0.000    10.955    nolabel_line49/vga_sync_unit/rgb_reg3__2_i_102_n_0
    SLICE_X4Y18          CARRY4 (Prop_carry4_S[1]_O[2])
                                                      0.580    11.535 r  nolabel_line49/vga_sync_unit/rgb_reg3__2_i_69/O[2]
                         net (fo=3, routed)           0.652    12.187    nolabel_line49_n_177
    SLICE_X7Y18          LUT5 (Prop_lut5_I4_O)        0.302    12.489 r  rgb_reg3__2_i_47/O
                         net (fo=1, routed)           0.000    12.489    nolabel_line49/vga_sync_unit/h_count_reg_reg[8]_25[3]
    SLICE_X7Y18          CARRY4 (Prop_carry4_S[3]_CO[3])
                                                      0.401    12.890 r  nolabel_line49/vga_sync_unit/rgb_reg3__2_i_37/CO[3]
                         net (fo=1, routed)           0.000    12.890    nolabel_line49/vga_sync_unit/rgb_reg3__2_i_37_n_0
    SLICE_X7Y19          CARRY4 (Prop_carry4_CI_O[1])
                                                      0.334    13.224 r  nolabel_line49/vga_sync_unit/rgb_reg3__2_i_41/O[1]
                         net (fo=4, routed)           0.861    14.085    nolabel_line49_n_184
    SLICE_X8Y18          LUT3 (Prop_lut3_I2_O)        0.303    14.388 r  rgb_reg3__2_i_38/O
                         net (fo=1, routed)           0.000    14.388    rgb_reg3__2_i_38_n_0
    SLICE_X8Y18          CARRY4 (Prop_carry4_S[3]_CO[3])
                                                      0.376    14.764 r  rgb_reg3__2_i_31/CO[3]
                         net (fo=1, routed)           0.000    14.764    rgb_reg3__2_i_31_n_0
    SLICE_X8Y19          CARRY4 (Prop_carry4_CI_O[0])
                                                      0.219    14.983 r  rgb_reg3__2_i_29/O[0]
                         net (fo=1, routed)           0.484    15.467    nolabel_line49/vga_sync_unit/h_count_reg_reg[0]_1[0]
    SLICE_X9Y19          LUT2 (Prop_lut2_I1_O)        0.295    15.762 r  nolabel_line49/vga_sync_unit/rgb_reg3__2_i_19/O
                         net (fo=1, routed)           0.000    15.762    nolabel_line49/vga_sync_unit/rgb_reg3__2_i_19_n_0
    SLICE_X9Y19          CARRY4 (Prop_carry4_S[1]_O[2])
                                                      0.580    16.342 r  nolabel_line49/vga_sync_unit/rgb_reg3__2_i_12/O[2]
                         net (fo=10, routed)          0.647    16.989    nolabel_line49/vga_sync_unit_n_334
    SLICE_X13Y17         LUT6 (Prop_lut6_I5_O)        0.302    17.291 r  nolabel_line49/rgb_reg3__2_i_15/O
                         net (fo=5, routed)           0.178    17.469    nolabel_line49/rgb_reg3__2_i_15_n_0
    SLICE_X13Y17         LUT6 (Prop_lut6_I2_O)        0.124    17.593 f  nolabel_line49/rgb_reg3__2_i_11/O
                         net (fo=9, routed)           0.411    18.004    nolabel_line49/rgb_reg3__2_i_11_n_0
    SLICE_X12Y17         LUT5 (Prop_lut5_I0_O)        0.124    18.128 r  nolabel_line49/rgb_reg3__2_i_1/O
                         net (fo=10, routed)          0.652    18.780    nolabel_line49/rgb_reg3__2_i_1_n_0
    DSP48_X0Y7           DSP48E1 (Prop_dsp48e1_A[6]_PCOUT[47])
                                                      4.036    22.816 r  nolabel_line49/rgb_reg3__3/PCOUT[47]
                         net (fo=1, routed)           0.002    22.818    nolabel_line49/rgb_reg3__3_n_106
    DSP48_X0Y8           DSP48E1 (Prop_dsp48e1_PCIN[47]_P[0])
                                                      1.518    24.336 r  nolabel_line49/rgb_reg3__4/P[0]
                         net (fo=2, routed)           0.781    25.117    nolabel_line49/rgb_reg3__4_n_105
    SLICE_X10Y19         LUT2 (Prop_lut2_I0_O)        0.124    25.241 r  nolabel_line49/rgb_reg[7]_i_103/O
                         net (fo=1, routed)           0.000    25.241    nolabel_line49/rgb_reg[7]_i_103_n_0
    SLICE_X10Y19         CARRY4 (Prop_carry4_S[1]_CO[3])
                                                      0.533    25.774 r  nolabel_line49/rgb_reg_reg[7]_i_79/CO[3]
                         net (fo=1, routed)           0.000    25.774    nolabel_line49/rgb_reg_reg[7]_i_79_n_0
    SLICE_X10Y20         CARRY4 (Prop_carry4_CI_CO[3])
                                                      0.117    25.891 r  nolabel_line49/rgb_reg_reg[7]_i_63/CO[3]
                         net (fo=1, routed)           0.000    25.891    nolabel_line49/rgb_reg_reg[7]_i_63_n_0
    SLICE_X10Y21         CARRY4 (Prop_carry4_CI_O[0])
                                                      0.219    26.110 r  nolabel_line49/rgb_reg_reg[7]_i_40/O[0]
                         net (fo=2, routed)           0.637    26.747    nolabel_line49/rgb_reg_reg[7]_i_40_n_7
    SLICE_X11Y21         LUT2 (Prop_lut2_I0_O)        0.295    27.042 r  nolabel_line49/rgb_reg[7]_i_44/O
                         net (fo=1, routed)           0.000    27.042    nolabel_line49/rgb_reg[7]_i_44_n_0
    SLICE_X11Y21         CARRY4 (Prop_carry4_S[0]_CO[3])
                                                      0.532    27.574 r  nolabel_line49/rgb_reg_reg[7]_i_14/CO[3]
                         net (fo=1, routed)           0.000    27.574    nolabel_line49/rgb_reg_reg[7]_i_14_n_0
    SLICE_X11Y22         CARRY4 (Prop_carry4_CI_O[1])
                                                      0.334    27.908 r  nolabel_line49/rgb_reg_reg[7]_i_34/O[1]
                         net (fo=1, routed)           0.741    28.648    nolabel_line49/rgb_reg2[29]
    SLICE_X13Y21         LUT6 (Prop_lut6_I1_O)        0.303    28.951 r  nolabel_line49/rgb_reg[7]_i_10/O
                         net (fo=1, routed)           0.715    29.667    nolabel_line49/rgb_reg[7]_i_10_n_0
    SLICE_X13Y20         LUT6 (Prop_lut6_I0_O)        0.124    29.791 r  nolabel_line49/rgb_reg[7]_i_3/O
                         net (fo=8, routed)           0.667    30.458    nolabel_line49/piece_render_inst/piece_mux_inst/rgb_reg3__3
    SLICE_X13Y21         LUT5 (Prop_lut5_I0_O)        0.150    30.608 r  nolabel_line49/piece_render_inst/piece_mux_inst/rgb_reg[1]_i_1/O
                         net (fo=2, routed)           0.000    30.608    nolabel_line49/piece_render_inst_n_1
    SLICE_X13Y21         FDSE                                         r  nolabel_line49/rgb_reg_reg[1]_lopt_replica/D
  -------------------------------------------------------------------    -------------------

                         (clock sys_clk_pin rise edge)
                                                     10.000    10.000 r  
    W5                                                0.000    10.000 r  basys_clock (IN)
                         net (fo=0)                   0.000    10.000    basys_clock
    W5                   IBUF (Prop_ibuf_I_O)         1.388    11.388 r  basys_clock_IBUF_inst/O
                         net (fo=1, routed)           1.862    13.250    basys_clock_IBUF
    BUFGCTRL_X0Y0        BUFG (Prop_bufg_I_O)         0.091    13.341 r  basys_clock_IBUF_BUFG_inst/O
                         net (fo=323, routed)         1.438    14.779    nolabel_line49/basys_clock_IBUF_BUFG
    SLICE_X13Y21         FDSE                                         r  nolabel_line49/rgb_reg_reg[1]_lopt_replica/C
                         clock pessimism              0.260    15.039    
                         clock uncertainty           -0.035    15.004    
    SLICE_X13Y21         FDSE (Setup_fdse_C_D)        0.032    15.036    nolabel_line49/rgb_reg_reg[1]_lopt_replica
  -------------------------------------------------------------------
                         required time                         15.036    
                         arrival time                         -30.608    
  -------------------------------------------------------------------
                         slack                                -15.572    

Slack (VIOLATED) :        -15.485ns  (required time - arrival time)
  Source:                 nolabel_line49/vga_sync_unit/h_count_reg_reg[3]/C
                            (rising edge-triggered cell FDRE clocked by sys_clk_pin  {rise@0.000ns fall@5.000ns period=10.000ns})
  Destination:            nolabel_line49/rgb_reg_reg[9]_lopt_replica/D
                            (rising edge-triggered cell FDSE clocked by sys_clk_pin  {rise@0.000ns fall@5.000ns period=10.000ns})
  Path Group:             sys_clk_pin
  Path Type:              Setup (Max at Slow Process Corner)
  Requirement:            10.000ns  (sys_clk_pin rise@10.000ns - sys_clk_pin rise@0.000ns)
  Data Path Delay:        25.363ns  (logic 14.835ns (58.491%)  route 10.528ns (41.509%))
  Logic Levels:           32  (CARRY4=15 DSP48E1=2 LUT2=3 LUT3=2 LUT4=1 LUT5=3 LUT6=6)
  Clock Path Skew:        -0.118ns (DCD - SCD + CPR)
    Destination Clock Delay (DCD):    4.780ns = ( 14.780 - 10.000 ) 
    Source Clock Delay      (SCD):    5.158ns
    Clock Pessimism Removal (CPR):    0.260ns
  Clock Uncertainty:      0.035ns  ((TSJ^2 + TIJ^2)^1/2 + DJ) / 2 + PE
    Total System Jitter     (TSJ):    0.071ns
    Total Input Jitter      (TIJ):    0.000ns
    Discrete Jitter          (DJ):    0.000ns
    Phase Error              (PE):    0.000ns

    Location             Delay type                Incr(ns)  Path(ns)    Netlist Resource(s)
  -------------------------------------------------------------------    -------------------
                         (clock sys_clk_pin rise edge)
                                                      0.000     0.000 r  
    W5                                                0.000     0.000 r  basys_clock (IN)
                         net (fo=0)                   0.000     0.000    basys_clock
    W5                   IBUF (Prop_ibuf_I_O)         1.458     1.458 r  basys_clock_IBUF_inst/O
                         net (fo=1, routed)           1.967     3.425    basys_clock_IBUF
    BUFGCTRL_X0Y0        BUFG (Prop_bufg_I_O)         0.096     3.521 r  basys_clock_IBUF_BUFG_inst/O
                         net (fo=323, routed)         1.637     5.158    nolabel_line49/vga_sync_unit/basys_clock_IBUF_BUFG
    SLICE_X1Y8           FDRE                                         r  nolabel_line49/vga_sync_unit/h_count_reg_reg[3]/C
  -------------------------------------------------------------------    -------------------
    SLICE_X1Y8           FDRE (Prop_fdre_C_Q)         0.456     5.614 r  nolabel_line49/vga_sync_unit/h_count_reg_reg[3]/Q
                         net (fo=80, routed)          0.889     6.503    nolabel_line49/vga_sync_unit/x[3]
    SLICE_X2Y9           LUT6 (Prop_lut6_I1_O)        0.124     6.627 r  nolabel_line49/vga_sync_unit/data[9]_i_56/O
                         net (fo=70, routed)          0.517     7.144    nolabel_line49/vga_sync_unit/data[9]_i_56_n_0
    SLICE_X1Y11          LUT3 (Prop_lut3_I1_O)        0.124     7.268 r  nolabel_line49/vga_sync_unit/data[9]_i_298/O
                         net (fo=54, routed)          0.570     7.839    nolabel_line49/vga_sync_unit/data[9]_i_298_n_0
    SLICE_X3Y11          LUT6 (Prop_lut6_I0_O)        0.124     7.963 r  nolabel_line49/vga_sync_unit/rgb_reg3__2_i_253/O
                         net (fo=1, routed)           0.000     7.963    nolabel_line49/vga_sync_unit/rgb_reg3__2_i_253_n_0
    SLICE_X3Y11          CARRY4 (Prop_carry4_S[3]_CO[3])
                                                      0.401     8.364 r  nolabel_line49/vga_sync_unit/rgb_reg3__2_i_224/CO[3]
                         net (fo=1, routed)           0.000     8.364    nolabel_line49/vga_sync_unit/rgb_reg3__2_i_224_n_0
    SLICE_X3Y12          CARRY4 (Prop_carry4_CI_CO[3])
                                                      0.114     8.478 r  nolabel_line49/vga_sync_unit/rgb_reg3__2_i_195/CO[3]
                         net (fo=1, routed)           0.000     8.478    nolabel_line49/vga_sync_unit/rgb_reg3__2_i_195_n_0
    SLICE_X3Y13          CARRY4 (Prop_carry4_CI_CO[1])
                                                      0.157     8.635 r  nolabel_line49/vga_sync_unit/rgb_reg3__2_i_166/CO[1]
                         net (fo=40, routed)          0.731     9.365    nolabel_line49/vga_sync_unit/rgb_reg3__2[0]
    SLICE_X2Y17          CARRY4 (Prop_carry4_CYINIT_O[1])
                                                      0.835    10.200 r  nolabel_line49/vga_sync_unit/rgb_reg3__2_i_164/O[1]
                         net (fo=3, routed)           0.449    10.649    nolabel_line49/vga_sync_unit/rgb_reg3__2_i_164_n_6
    SLICE_X4Y18          LUT4 (Prop_lut4_I3_O)        0.306    10.955 r  nolabel_line49/vga_sync_unit/rgb_reg3__2_i_102/O
                         net (fo=1, routed)           0.000    10.955    nolabel_line49/vga_sync_unit/rgb_reg3__2_i_102_n_0
    SLICE_X4Y18          CARRY4 (Prop_carry4_S[1]_O[2])
                                                      0.580    11.535 r  nolabel_line49/vga_sync_unit/rgb_reg3__2_i_69/O[2]
                         net (fo=3, routed)           0.652    12.187    nolabel_line49_n_177
    SLICE_X7Y18          LUT5 (Prop_lut5_I4_O)        0.302    12.489 r  rgb_reg3__2_i_47/O
                         net (fo=1, routed)           0.000    12.489    nolabel_line49/vga_sync_unit/h_count_reg_reg[8]_25[3]
    SLICE_X7Y18          CARRY4 (Prop_carry4_S[3]_CO[3])
                                                      0.401    12.890 r  nolabel_line49/vga_sync_unit/rgb_reg3__2_i_37/CO[3]
                         net (fo=1, routed)           0.000    12.890    nolabel_line49/vga_sync_unit/rgb_reg3__2_i_37_n_0
    SLICE_X7Y19          CARRY4 (Prop_carry4_CI_O[1])
                                                      0.334    13.224 r  nolabel_line49/vga_sync_unit/rgb_reg3__2_i_41/O[1]
                         net (fo=4, routed)           0.861    14.085    nolabel_line49_n_184
    SLICE_X8Y18          LUT3 (Prop_lut3_I2_O)        0.303    14.388 r  rgb_reg3__2_i_38/O
                         net (fo=1, routed)           0.000    14.388    rgb_reg3__2_i_38_n_0
    SLICE_X8Y18          CARRY4 (Prop_carry4_S[3]_CO[3])
                                                      0.376    14.764 r  rgb_reg3__2_i_31/CO[3]
                         net (fo=1, routed)           0.000    14.764    rgb_reg3__2_i_31_n_0
    SLICE_X8Y19          CARRY4 (Prop_carry4_CI_O[0])
                                                      0.219    14.983 r  rgb_reg3__2_i_29/O[0]
                         net (fo=1, routed)           0.484    15.467    nolabel_line49/vga_sync_unit/h_count_reg_reg[0]_1[0]
    SLICE_X9Y19          LUT2 (Prop_lut2_I1_O)        0.295    15.762 r  nolabel_line49/vga_sync_unit/rgb_reg3__2_i_19/O
                         net (fo=1, routed)           0.000    15.762    nolabel_line49/vga_sync_unit/rgb_reg3__2_i_19_n_0
    SLICE_X9Y19          CARRY4 (Prop_carry4_S[1]_O[2])
                                                      0.580    16.342 r  nolabel_line49/vga_sync_unit/rgb_reg3__2_i_12/O[2]
                         net (fo=10, routed)          0.647    16.989    nolabel_line49/vga_sync_unit_n_334
    SLICE_X13Y17         LUT6 (Prop_lut6_I5_O)        0.302    17.291 r  nolabel_line49/rgb_reg3__2_i_15/O
                         net (fo=5, routed)           0.178    17.469    nolabel_line49/rgb_reg3__2_i_15_n_0
    SLICE_X13Y17         LUT6 (Prop_lut6_I2_O)        0.124    17.593 f  nolabel_line49/rgb_reg3__2_i_11/O
                         net (fo=9, routed)           0.411    18.004    nolabel_line49/rgb_reg3__2_i_11_n_0
    SLICE_X12Y17         LUT5 (Prop_lut5_I0_O)        0.124    18.128 r  nolabel_line49/rgb_reg3__2_i_1/O
                         net (fo=10, routed)          0.652    18.780    nolabel_line49/rgb_reg3__2_i_1_n_0
    DSP48_X0Y7           DSP48E1 (Prop_dsp48e1_A[6]_PCOUT[47])
                                                      4.036    22.816 r  nolabel_line49/rgb_reg3__3/PCOUT[47]
                         net (fo=1, routed)           0.002    22.818    nolabel_line49/rgb_reg3__3_n_106
    DSP48_X0Y8           DSP48E1 (Prop_dsp48e1_PCIN[47]_P[0])
                                                      1.518    24.336 r  nolabel_line49/rgb_reg3__4/P[0]
                         net (fo=2, routed)           0.781    25.117    nolabel_line49/rgb_reg3__4_n_105
    SLICE_X10Y19         LUT2 (Prop_lut2_I0_O)        0.124    25.241 r  nolabel_line49/rgb_reg[7]_i_103/O
                         net (fo=1, routed)           0.000    25.241    nolabel_line49/rgb_reg[7]_i_103_n_0
    SLICE_X10Y19         CARRY4 (Prop_carry4_S[1]_CO[3])
                                                      0.533    25.774 r  nolabel_line49/rgb_reg_reg[7]_i_79/CO[3]
                         net (fo=1, routed)           0.000    25.774    nolabel_line49/rgb_reg_reg[7]_i_79_n_0
    SLICE_X10Y20         CARRY4 (Prop_carry4_CI_CO[3])
                                                      0.117    25.891 r  nolabel_line49/rgb_reg_reg[7]_i_63/CO[3]
                         net (fo=1, routed)           0.000    25.891    nolabel_line49/rgb_reg_reg[7]_i_63_n_0
    SLICE_X10Y21         CARRY4 (Prop_carry4_CI_O[0])
                                                      0.219    26.110 r  nolabel_line49/rgb_reg_reg[7]_i_40/O[0]
                         net (fo=2, routed)           0.637    26.747    nolabel_line49/rgb_reg_reg[7]_i_40_n_7
    SLICE_X11Y21         LUT2 (Prop_lut2_I0_O)        0.295    27.042 r  nolabel_line49/rgb_reg[7]_i_44/O
                         net (fo=1, routed)           0.000    27.042    nolabel_line49/rgb_reg[7]_i_44_n_0
    SLICE_X11Y21         CARRY4 (Prop_carry4_S[0]_CO[3])
                                                      0.532    27.574 r  nolabel_line49/rgb_reg_reg[7]_i_14/CO[3]
                         net (fo=1, routed)           0.000    27.574    nolabel_line49/rgb_reg_reg[7]_i_14_n_0
    SLICE_X11Y22         CARRY4 (Prop_carry4_CI_O[1])
                                                      0.334    27.908 r  nolabel_line49/rgb_reg_reg[7]_i_34/O[1]
                         net (fo=1, routed)           0.741    28.648    nolabel_line49/rgb_reg2[29]
    SLICE_X13Y21         LUT6 (Prop_lut6_I1_O)        0.303    28.951 r  nolabel_line49/rgb_reg[7]_i_10/O
                         net (fo=1, routed)           0.715    29.667    nolabel_line49/rgb_reg[7]_i_10_n_0
    SLICE_X13Y20         LUT6 (Prop_lut6_I0_O)        0.124    29.791 r  nolabel_line49/rgb_reg[7]_i_3/O
                         net (fo=8, routed)           0.612    30.402    nolabel_line49/piece_render_inst/piece_mux_inst/rgb_reg3__3
    SLICE_X13Y19         LUT5 (Prop_lut5_I0_O)        0.119    30.521 r  nolabel_line49/piece_render_inst/piece_mux_inst/rgb_reg[9]_i_1/O
                         net (fo=2, routed)           0.000    30.521    nolabel_line49/piece_render_inst_n_4
    SLICE_X13Y19         FDSE                                         r  nolabel_line49/rgb_reg_reg[9]_lopt_replica/D
  -------------------------------------------------------------------    -------------------

                         (clock sys_clk_pin rise edge)
                                                     10.000    10.000 r  
    W5                                                0.000    10.000 r  basys_clock (IN)
                         net (fo=0)                   0.000    10.000    basys_clock
    W5                   IBUF (Prop_ibuf_I_O)         1.388    11.388 r  basys_clock_IBUF_inst/O
                         net (fo=1, routed)           1.862    13.250    basys_clock_IBUF
    BUFGCTRL_X0Y0        BUFG (Prop_bufg_I_O)         0.091    13.341 r  basys_clock_IBUF_BUFG_inst/O
                         net (fo=323, routed)         1.439    14.780    nolabel_line49/basys_clock_IBUF_BUFG
    SLICE_X13Y19         FDSE                                         r  nolabel_line49/rgb_reg_reg[9]_lopt_replica/C
                         clock pessimism              0.260    15.040    
                         clock uncertainty           -0.035    15.005    
    SLICE_X13Y19         FDSE (Setup_fdse_C_D)        0.031    15.036    nolabel_line49/rgb_reg_reg[9]_lopt_replica
  -------------------------------------------------------------------
                         required time                         15.036    
                         arrival time                         -30.521    
  -------------------------------------------------------------------
                         slack                                -15.485    

Slack (VIOLATED) :        -15.484ns  (required time - arrival time)
  Source:                 nolabel_line49/vga_sync_unit/h_count_reg_reg[3]/C
                            (rising edge-triggered cell FDRE clocked by sys_clk_pin  {rise@0.000ns fall@5.000ns period=10.000ns})
  Destination:            nolabel_line49/rgb_reg_reg[9]/D
                            (rising edge-triggered cell FDSE clocked by sys_clk_pin  {rise@0.000ns fall@5.000ns period=10.000ns})
  Path Group:             sys_clk_pin
  Path Type:              Setup (Max at Slow Process Corner)
  Requirement:            10.000ns  (sys_clk_pin rise@10.000ns - sys_clk_pin rise@0.000ns)
  Data Path Delay:        25.363ns  (logic 14.835ns (58.491%)  route 10.528ns (41.509%))
  Logic Levels:           32  (CARRY4=15 DSP48E1=2 LUT2=3 LUT3=2 LUT4=1 LUT5=3 LUT6=6)
  Clock Path Skew:        -0.118ns (DCD - SCD + CPR)
    Destination Clock Delay (DCD):    4.780ns = ( 14.780 - 10.000 ) 
    Source Clock Delay      (SCD):    5.158ns
    Clock Pessimism Removal (CPR):    0.260ns
  Clock Uncertainty:      0.035ns  ((TSJ^2 + TIJ^2)^1/2 + DJ) / 2 + PE
    Total System Jitter     (TSJ):    0.071ns
    Total Input Jitter      (TIJ):    0.000ns
    Discrete Jitter          (DJ):    0.000ns
    Phase Error              (PE):    0.000ns

    Location             Delay type                Incr(ns)  Path(ns)    Netlist Resource(s)
  -------------------------------------------------------------------    -------------------
                         (clock sys_clk_pin rise edge)
                                                      0.000     0.000 r  
    W5                                                0.000     0.000 r  basys_clock (IN)
                         net (fo=0)                   0.000     0.000    basys_clock
    W5                   IBUF (Prop_ibuf_I_O)         1.458     1.458 r  basys_clock_IBUF_inst/O
                         net (fo=1, routed)           1.967     3.425    basys_clock_IBUF
    BUFGCTRL_X0Y0        BUFG (Prop_bufg_I_O)         0.096     3.521 r  basys_clock_IBUF_BUFG_inst/O
                         net (fo=323, routed)         1.637     5.158    nolabel_line49/vga_sync_unit/basys_clock_IBUF_BUFG
    SLICE_X1Y8           FDRE                                         r  nolabel_line49/vga_sync_unit/h_count_reg_reg[3]/C
  -------------------------------------------------------------------    -------------------
    SLICE_X1Y8           FDRE (Prop_fdre_C_Q)         0.456     5.614 r  nolabel_line49/vga_sync_unit/h_count_reg_reg[3]/Q
                         net (fo=80, routed)          0.889     6.503    nolabel_line49/vga_sync_unit/x[3]
    SLICE_X2Y9           LUT6 (Prop_lut6_I1_O)        0.124     6.627 r  nolabel_line49/vga_sync_unit/data[9]_i_56/O
                         net (fo=70, routed)          0.517     7.144    nolabel_line49/vga_sync_unit/data[9]_i_56_n_0
    SLICE_X1Y11          LUT3 (Prop_lut3_I1_O)        0.124     7.268 r  nolabel_line49/vga_sync_unit/data[9]_i_298/O
                         net (fo=54, routed)          0.570     7.839    nolabel_line49/vga_sync_unit/data[9]_i_298_n_0
    SLICE_X3Y11          LUT6 (Prop_lut6_I0_O)        0.124     7.963 r  nolabel_line49/vga_sync_unit/rgb_reg3__2_i_253/O
                         net (fo=1, routed)           0.000     7.963    nolabel_line49/vga_sync_unit/rgb_reg3__2_i_253_n_0
    SLICE_X3Y11          CARRY4 (Prop_carry4_S[3]_CO[3])
                                                      0.401     8.364 r  nolabel_line49/vga_sync_unit/rgb_reg3__2_i_224/CO[3]
                         net (fo=1, routed)           0.000     8.364    nolabel_line49/vga_sync_unit/rgb_reg3__2_i_224_n_0
    SLICE_X3Y12          CARRY4 (Prop_carry4_CI_CO[3])
                                                      0.114     8.478 r  nolabel_line49/vga_sync_unit/rgb_reg3__2_i_195/CO[3]
                         net (fo=1, routed)           0.000     8.478    nolabel_line49/vga_sync_unit/rgb_reg3__2_i_195_n_0
    SLICE_X3Y13          CARRY4 (Prop_carry4_CI_CO[1])
                                                      0.157     8.635 r  nolabel_line49/vga_sync_unit/rgb_reg3__2_i_166/CO[1]
                         net (fo=40, routed)          0.731     9.365    nolabel_line49/vga_sync_unit/rgb_reg3__2[0]
    SLICE_X2Y17          CARRY4 (Prop_carry4_CYINIT_O[1])
                                                      0.835    10.200 r  nolabel_line49/vga_sync_unit/rgb_reg3__2_i_164/O[1]
                         net (fo=3, routed)           0.449    10.649    nolabel_line49/vga_sync_unit/rgb_reg3__2_i_164_n_6
    SLICE_X4Y18          LUT4 (Prop_lut4_I3_O)        0.306    10.955 r  nolabel_line49/vga_sync_unit/rgb_reg3__2_i_102/O
                         net (fo=1, routed)           0.000    10.955    nolabel_line49/vga_sync_unit/rgb_reg3__2_i_102_n_0
    SLICE_X4Y18          CARRY4 (Prop_carry4_S[1]_O[2])
                                                      0.580    11.535 r  nolabel_line49/vga_sync_unit/rgb_reg3__2_i_69/O[2]
                         net (fo=3, routed)           0.652    12.187    nolabel_line49_n_177
    SLICE_X7Y18          LUT5 (Prop_lut5_I4_O)        0.302    12.489 r  rgb_reg3__2_i_47/O
                         net (fo=1, routed)           0.000    12.489    nolabel_line49/vga_sync_unit/h_count_reg_reg[8]_25[3]
    SLICE_X7Y18          CARRY4 (Prop_carry4_S[3]_CO[3])
                                                      0.401    12.890 r  nolabel_line49/vga_sync_unit/rgb_reg3__2_i_37/CO[3]
                         net (fo=1, routed)           0.000    12.890    nolabel_line49/vga_sync_unit/rgb_reg3__2_i_37_n_0
    SLICE_X7Y19          CARRY4 (Prop_carry4_CI_O[1])
                                                      0.334    13.224 r  nolabel_line49/vga_sync_unit/rgb_reg3__2_i_41/O[1]
                         net (fo=4, routed)           0.861    14.085    nolabel_line49_n_184
    SLICE_X8Y18          LUT3 (Prop_lut3_I2_O)        0.303    14.388 r  rgb_reg3__2_i_38/O
                         net (fo=1, routed)           0.000    14.388    rgb_reg3__2_i_38_n_0
    SLICE_X8Y18          CARRY4 (Prop_carry4_S[3]_CO[3])
                                                      0.376    14.764 r  rgb_reg3__2_i_31/CO[3]
                         net (fo=1, routed)           0.000    14.764    rgb_reg3__2_i_31_n_0
    SLICE_X8Y19          CARRY4 (Prop_carry4_CI_O[0])
                                                      0.219    14.983 r  rgb_reg3__2_i_29/O[0]
                         net (fo=1, routed)           0.484    15.467    nolabel_line49/vga_sync_unit/h_count_reg_reg[0]_1[0]
    SLICE_X9Y19          LUT2 (Prop_lut2_I1_O)        0.295    15.762 r  nolabel_line49/vga_sync_unit/rgb_reg3__2_i_19/O
                         net (fo=1, routed)           0.000    15.762    nolabel_line49/vga_sync_unit/rgb_reg3__2_i_19_n_0
    SLICE_X9Y19          CARRY4 (Prop_carry4_S[1]_O[2])
                                                      0.580    16.342 r  nolabel_line49/vga_sync_unit/rgb_reg3__2_i_12/O[2]
                         net (fo=10, routed)          0.647    16.989    nolabel_line49/vga_sync_unit_n_334
    SLICE_X13Y17         LUT6 (Prop_lut6_I5_O)        0.302    17.291 r  nolabel_line49/rgb_reg3__2_i_15/O
                         net (fo=5, routed)           0.178    17.469    nolabel_line49/rgb_reg3__2_i_15_n_0
    SLICE_X13Y17         LUT6 (Prop_lut6_I2_O)        0.124    17.593 f  nolabel_line49/rgb_reg3__2_i_11/O
                         net (fo=9, routed)           0.411    18.004    nolabel_line49/rgb_reg3__2_i_11_n_0
    SLICE_X12Y17         LUT5 (Prop_lut5_I0_O)        0.124    18.128 r  nolabel_line49/rgb_reg3__2_i_1/O
                         net (fo=10, routed)          0.652    18.780    nolabel_line49/rgb_reg3__2_i_1_n_0
    DSP48_X0Y7           DSP48E1 (Prop_dsp48e1_A[6]_PCOUT[47])
                                                      4.036    22.816 r  nolabel_line49/rgb_reg3__3/PCOUT[47]
                         net (fo=1, routed)           0.002    22.818    nolabel_line49/rgb_reg3__3_n_106
    DSP48_X0Y8           DSP48E1 (Prop_dsp48e1_PCIN[47]_P[0])
                                                      1.518    24.336 r  nolabel_line49/rgb_reg3__4/P[0]
                         net (fo=2, routed)           0.781    25.117    nolabel_line49/rgb_reg3__4_n_105
    SLICE_X10Y19         LUT2 (Prop_lut2_I0_O)        0.124    25.241 r  nolabel_line49/rgb_reg[7]_i_103/O
                         net (fo=1, routed)           0.000    25.241    nolabel_line49/rgb_reg[7]_i_103_n_0
    SLICE_X10Y19         CARRY4 (Prop_carry4_S[1]_CO[3])
                                                      0.533    25.774 r  nolabel_line49/rgb_reg_reg[7]_i_79/CO[3]
                         net (fo=1, routed)           0.000    25.774    nolabel_line49/rgb_reg_reg[7]_i_79_n_0
    SLICE_X10Y20         CARRY4 (Prop_carry4_CI_CO[3])
                                                      0.117    25.891 r  nolabel_line49/rgb_reg_reg[7]_i_63/CO[3]
                         net (fo=1, routed)           0.000    25.891    nolabel_line49/rgb_reg_reg[7]_i_63_n_0
    SLICE_X10Y21         CARRY4 (Prop_carry4_CI_O[0])
                                                      0.219    26.110 r  nolabel_line49/rgb_reg_reg[7]_i_40/O[0]
                         net (fo=2, routed)           0.637    26.747    nolabel_line49/rgb_reg_reg[7]_i_40_n_7
    SLICE_X11Y21         LUT2 (Prop_lut2_I0_O)        0.295    27.042 r  nolabel_line49/rgb_reg[7]_i_44/O
                         net (fo=1, routed)           0.000    27.042    nolabel_line49/rgb_reg[7]_i_44_n_0
    SLICE_X11Y21         CARRY4 (Prop_carry4_S[0]_CO[3])
                                                      0.532    27.574 r  nolabel_line49/rgb_reg_reg[7]_i_14/CO[3]
                         net (fo=1, routed)           0.000    27.574    nolabel_line49/rgb_reg_reg[7]_i_14_n_0
    SLICE_X11Y22         CARRY4 (Prop_carry4_CI_O[1])
                                                      0.334    27.908 r  nolabel_line49/rgb_reg_reg[7]_i_34/O[1]
                         net (fo=1, routed)           0.741    28.648    nolabel_line49/rgb_reg2[29]
    SLICE_X13Y21         LUT6 (Prop_lut6_I1_O)        0.303    28.951 r  nolabel_line49/rgb_reg[7]_i_10/O
                         net (fo=1, routed)           0.715    29.667    nolabel_line49/rgb_reg[7]_i_10_n_0
    SLICE_X13Y20         LUT6 (Prop_lut6_I0_O)        0.124    29.791 r  nolabel_line49/rgb_reg[7]_i_3/O
                         net (fo=8, routed)           0.612    30.402    nolabel_line49/piece_render_inst/piece_mux_inst/rgb_reg3__3
    SLICE_X13Y19         LUT5 (Prop_lut5_I0_O)        0.119    30.521 r  nolabel_line49/piece_render_inst/piece_mux_inst/rgb_reg[9]_i_1/O
                         net (fo=2, routed)           0.000    30.521    nolabel_line49/piece_render_inst_n_4
    SLICE_X13Y19         FDSE                                         r  nolabel_line49/rgb_reg_reg[9]/D
  -------------------------------------------------------------------    -------------------

                         (clock sys_clk_pin rise edge)
                                                     10.000    10.000 r  
    W5                                                0.000    10.000 r  basys_clock (IN)
                         net (fo=0)                   0.000    10.000    basys_clock
    W5                   IBUF (Prop_ibuf_I_O)         1.388    11.388 r  basys_clock_IBUF_inst/O
                         net (fo=1, routed)           1.862    13.250    basys_clock_IBUF
    BUFGCTRL_X0Y0        BUFG (Prop_bufg_I_O)         0.091    13.341 r  basys_clock_IBUF_BUFG_inst/O
                         net (fo=323, routed)         1.439    14.780    nolabel_line49/basys_clock_IBUF_BUFG
    SLICE_X13Y19         FDSE                                         r  nolabel_line49/rgb_reg_reg[9]/C
                         clock pessimism              0.260    15.040    
                         clock uncertainty           -0.035    15.005    
    SLICE_X13Y19         FDSE (Setup_fdse_C_D)        0.032    15.037    nolabel_line49/rgb_reg_reg[9]
  -------------------------------------------------------------------
                         required time                         15.037    
                         arrival time                         -30.521    
  -------------------------------------------------------------------
                         slack                                -15.484    

Slack (VIOLATED) :        -15.394ns  (required time - arrival time)
  Source:                 nolabel_line49/vga_sync_unit/h_count_reg_reg[3]/C
                            (rising edge-triggered cell FDRE clocked by sys_clk_pin  {rise@0.000ns fall@5.000ns period=10.000ns})
  Destination:            nolabel_line49/rgb_reg_reg[6]/D
                            (rising edge-triggered cell FDRE clocked by sys_clk_pin  {rise@0.000ns fall@5.000ns period=10.000ns})
  Path Group:             sys_clk_pin
  Path Type:              Setup (Max at Slow Process Corner)
  Requirement:            10.000ns  (sys_clk_pin rise@10.000ns - sys_clk_pin rise@0.000ns)
  Data Path Delay:        25.320ns  (logic 14.840ns (58.610%)  route 10.480ns (41.390%))
  Logic Levels:           32  (CARRY4=15 DSP48E1=2 LUT2=3 LUT3=2 LUT4=1 LUT5=2 LUT6=7)
  Clock Path Skew:        -0.118ns (DCD - SCD + CPR)
    Destination Clock Delay (DCD):    4.780ns = ( 14.780 - 10.000 ) 
    Source Clock Delay      (SCD):    5.158ns
    Clock Pessimism Removal (CPR):    0.260ns
  Clock Uncertainty:      0.035ns  ((TSJ^2 + TIJ^2)^1/2 + DJ) / 2 + PE
    Total System Jitter     (TSJ):    0.071ns
    Total Input Jitter      (TIJ):    0.000ns
    Discrete Jitter          (DJ):    0.000ns
    Phase Error              (PE):    0.000ns

    Location             Delay type                Incr(ns)  Path(ns)    Netlist Resource(s)
  -------------------------------------------------------------------    -------------------
                         (clock sys_clk_pin rise edge)
                                                      0.000     0.000 r  
    W5                                                0.000     0.000 r  basys_clock (IN)
                         net (fo=0)                   0.000     0.000    basys_clock
    W5                   IBUF (Prop_ibuf_I_O)         1.458     1.458 r  basys_clock_IBUF_inst/O
                         net (fo=1, routed)           1.967     3.425    basys_clock_IBUF
    BUFGCTRL_X0Y0        BUFG (Prop_bufg_I_O)         0.096     3.521 r  basys_clock_IBUF_BUFG_inst/O
                         net (fo=323, routed)         1.637     5.158    nolabel_line49/vga_sync_unit/basys_clock_IBUF_BUFG
    SLICE_X1Y8           FDRE                                         r  nolabel_line49/vga_sync_unit/h_count_reg_reg[3]/C
  -------------------------------------------------------------------    -------------------
    SLICE_X1Y8           FDRE (Prop_fdre_C_Q)         0.456     5.614 r  nolabel_line49/vga_sync_unit/h_count_reg_reg[3]/Q
                         net (fo=80, routed)          0.889     6.503    nolabel_line49/vga_sync_unit/x[3]
    SLICE_X2Y9           LUT6 (Prop_lut6_I1_O)        0.124     6.627 r  nolabel_line49/vga_sync_unit/data[9]_i_56/O
                         net (fo=70, routed)          0.517     7.144    nolabel_line49/vga_sync_unit/data[9]_i_56_n_0
    SLICE_X1Y11          LUT3 (Prop_lut3_I1_O)        0.124     7.268 r  nolabel_line49/vga_sync_unit/data[9]_i_298/O
                         net (fo=54, routed)          0.570     7.839    nolabel_line49/vga_sync_unit/data[9]_i_298_n_0
    SLICE_X3Y11          LUT6 (Prop_lut6_I0_O)        0.124     7.963 r  nolabel_line49/vga_sync_unit/rgb_reg3__2_i_253/O
                         net (fo=1, routed)           0.000     7.963    nolabel_line49/vga_sync_unit/rgb_reg3__2_i_253_n_0
    SLICE_X3Y11          CARRY4 (Prop_carry4_S[3]_CO[3])
                                                      0.401     8.364 r  nolabel_line49/vga_sync_unit/rgb_reg3__2_i_224/CO[3]
                         net (fo=1, routed)           0.000     8.364    nolabel_line49/vga_sync_unit/rgb_reg3__2_i_224_n_0
    SLICE_X3Y12          CARRY4 (Prop_carry4_CI_CO[3])
                                                      0.114     8.478 r  nolabel_line49/vga_sync_unit/rgb_reg3__2_i_195/CO[3]
                         net (fo=1, routed)           0.000     8.478    nolabel_line49/vga_sync_unit/rgb_reg3__2_i_195_n_0
    SLICE_X3Y13          CARRY4 (Prop_carry4_CI_CO[1])
                                                      0.157     8.635 r  nolabel_line49/vga_sync_unit/rgb_reg3__2_i_166/CO[1]
                         net (fo=40, routed)          0.731     9.365    nolabel_line49/vga_sync_unit/rgb_reg3__2[0]
    SLICE_X2Y17          CARRY4 (Prop_carry4_CYINIT_O[1])
                                                      0.835    10.200 r  nolabel_line49/vga_sync_unit/rgb_reg3__2_i_164/O[1]
                         net (fo=3, routed)           0.449    10.649    nolabel_line49/vga_sync_unit/rgb_reg3__2_i_164_n_6
    SLICE_X4Y18          LUT4 (Prop_lut4_I3_O)        0.306    10.955 r  nolabel_line49/vga_sync_unit/rgb_reg3__2_i_102/O
                         net (fo=1, routed)           0.000    10.955    nolabel_line49/vga_sync_unit/rgb_reg3__2_i_102_n_0
    SLICE_X4Y18          CARRY4 (Prop_carry4_S[1]_O[2])
                                                      0.580    11.535 r  nolabel_line49/vga_sync_unit/rgb_reg3__2_i_69/O[2]
                         net (fo=3, routed)           0.652    12.187    nolabel_line49_n_177
    SLICE_X7Y18          LUT5 (Prop_lut5_I4_O)        0.302    12.489 r  rgb_reg3__2_i_47/O
                         net (fo=1, routed)           0.000    12.489    nolabel_line49/vga_sync_unit/h_count_reg_reg[8]_25[3]
    SLICE_X7Y18          CARRY4 (Prop_carry4_S[3]_CO[3])
                                                      0.401    12.890 r  nolabel_line49/vga_sync_unit/rgb_reg3__2_i_37/CO[3]
                         net (fo=1, routed)           0.000    12.890    nolabel_line49/vga_sync_unit/rgb_reg3__2_i_37_n_0
    SLICE_X7Y19          CARRY4 (Prop_carry4_CI_O[1])
                                                      0.334    13.224 r  nolabel_line49/vga_sync_unit/rgb_reg3__2_i_41/O[1]
                         net (fo=4, routed)           0.861    14.085    nolabel_line49_n_184
    SLICE_X8Y18          LUT3 (Prop_lut3_I2_O)        0.303    14.388 r  rgb_reg3__2_i_38/O
                         net (fo=1, routed)           0.000    14.388    rgb_reg3__2_i_38_n_0
    SLICE_X8Y18          CARRY4 (Prop_carry4_S[3]_CO[3])
                                                      0.376    14.764 r  rgb_reg3__2_i_31/CO[3]
                         net (fo=1, routed)           0.000    14.764    rgb_reg3__2_i_31_n_0
    SLICE_X8Y19          CARRY4 (Prop_carry4_CI_O[0])
                                                      0.219    14.983 r  rgb_reg3__2_i_29/O[0]
                         net (fo=1, routed)           0.484    15.467    nolabel_line49/vga_sync_unit/h_count_reg_reg[0]_1[0]
    SLICE_X9Y19          LUT2 (Prop_lut2_I1_O)        0.295    15.762 r  nolabel_line49/vga_sync_unit/rgb_reg3__2_i_19/O
                         net (fo=1, routed)           0.000    15.762    nolabel_line49/vga_sync_unit/rgb_reg3__2_i_19_n_0
    SLICE_X9Y19          CARRY4 (Prop_carry4_S[1]_O[2])
                                                      0.580    16.342 r  nolabel_line49/vga_sync_unit/rgb_reg3__2_i_12/O[2]
                         net (fo=10, routed)          0.647    16.989    nolabel_line49/vga_sync_unit_n_334
    SLICE_X13Y17         LUT6 (Prop_lut6_I5_O)        0.302    17.291 r  nolabel_line49/rgb_reg3__2_i_15/O
                         net (fo=5, routed)           0.178    17.469    nolabel_line49/rgb_reg3__2_i_15_n_0
    SLICE_X13Y17         LUT6 (Prop_lut6_I2_O)        0.124    17.593 f  nolabel_line49/rgb_reg3__2_i_11/O
                         net (fo=9, routed)           0.411    18.004    nolabel_line49/rgb_reg3__2_i_11_n_0
    SLICE_X12Y17         LUT5 (Prop_lut5_I0_O)        0.124    18.128 r  nolabel_line49/rgb_reg3__2_i_1/O
                         net (fo=10, routed)          0.652    18.780    nolabel_line49/rgb_reg3__2_i_1_n_0
    DSP48_X0Y7           DSP48E1 (Prop_dsp48e1_A[6]_PCOUT[47])
                                                      4.036    22.816 r  nolabel_line49/rgb_reg3__3/PCOUT[47]
                         net (fo=1, routed)           0.002    22.818    nolabel_line49/rgb_reg3__3_n_106
    DSP48_X0Y8           DSP48E1 (Prop_dsp48e1_PCIN[47]_P[0])
                                                      1.518    24.336 r  nolabel_line49/rgb_reg3__4/P[0]
                         net (fo=2, routed)           0.781    25.117    nolabel_line49/rgb_reg3__4_n_105
    SLICE_X10Y19         LUT2 (Prop_lut2_I0_O)        0.124    25.241 r  nolabel_line49/rgb_reg[7]_i_103/O
                         net (fo=1, routed)           0.000    25.241    nolabel_line49/rgb_reg[7]_i_103_n_0
    SLICE_X10Y19         CARRY4 (Prop_carry4_S[1]_CO[3])
                                                      0.533    25.774 r  nolabel_line49/rgb_reg_reg[7]_i_79/CO[3]
                         net (fo=1, routed)           0.000    25.774    nolabel_line49/rgb_reg_reg[7]_i_79_n_0
    SLICE_X10Y20         CARRY4 (Prop_carry4_CI_CO[3])
                                                      0.117    25.891 r  nolabel_line49/rgb_reg_reg[7]_i_63/CO[3]
                         net (fo=1, routed)           0.000    25.891    nolabel_line49/rgb_reg_reg[7]_i_63_n_0
    SLICE_X10Y21         CARRY4 (Prop_carry4_CI_O[0])
                                                      0.219    26.110 r  nolabel_line49/rgb_reg_reg[7]_i_40/O[0]
                         net (fo=2, routed)           0.637    26.747    nolabel_line49/rgb_reg_reg[7]_i_40_n_7
    SLICE_X11Y21         LUT2 (Prop_lut2_I0_O)        0.295    27.042 r  nolabel_line49/rgb_reg[7]_i_44/O
                         net (fo=1, routed)           0.000    27.042    nolabel_line49/rgb_reg[7]_i_44_n_0
    SLICE_X11Y21         CARRY4 (Prop_carry4_S[0]_CO[3])
                                                      0.532    27.574 r  nolabel_line49/rgb_reg_reg[7]_i_14/CO[3]
                         net (fo=1, routed)           0.000    27.574    nolabel_line49/rgb_reg_reg[7]_i_14_n_0
    SLICE_X11Y22         CARRY4 (Prop_carry4_CI_O[1])
                                                      0.334    27.908 f  nolabel_line49/rgb_reg_reg[7]_i_34/O[1]
                         net (fo=1, routed)           0.741    28.648    nolabel_line49/rgb_reg2[29]
    SLICE_X13Y21         LUT6 (Prop_lut6_I1_O)        0.303    28.951 f  nolabel_line49/rgb_reg[7]_i_10/O
                         net (fo=1, routed)           0.715    29.667    nolabel_line49/rgb_reg[7]_i_10_n_0
    SLICE_X13Y20         LUT6 (Prop_lut6_I0_O)        0.124    29.791 f  nolabel_line49/rgb_reg[7]_i_3/O
                         net (fo=8, routed)           0.564    30.354    nolabel_line49/vga_sync_unit/rgb_reg3__3
    SLICE_X12Y20         LUT6 (Prop_lut6_I2_O)        0.124    30.478 r  nolabel_line49/vga_sync_unit/rgb_reg[6]_i_1/O
                         net (fo=1, routed)           0.000    30.478    nolabel_line49/p_0_in[6]
    SLICE_X12Y20         FDRE                                         r  nolabel_line49/rgb_reg_reg[6]/D
  -------------------------------------------------------------------    -------------------

                         (clock sys_clk_pin rise edge)
                                                     10.000    10.000 r  
    W5                                                0.000    10.000 r  basys_clock (IN)
                         net (fo=0)                   0.000    10.000    basys_clock
    W5                   IBUF (Prop_ibuf_I_O)         1.388    11.388 r  basys_clock_IBUF_inst/O
                         net (fo=1, routed)           1.862    13.250    basys_clock_IBUF
    BUFGCTRL_X0Y0        BUFG (Prop_bufg_I_O)         0.091    13.341 r  basys_clock_IBUF_BUFG_inst/O
                         net (fo=323, routed)         1.439    14.780    nolabel_line49/basys_clock_IBUF_BUFG
    SLICE_X12Y20         FDRE                                         r  nolabel_line49/rgb_reg_reg[6]/C
                         clock pessimism              0.260    15.040    
                         clock uncertainty           -0.035    15.005    
    SLICE_X12Y20         FDRE (Setup_fdre_C_D)        0.079    15.084    nolabel_line49/rgb_reg_reg[6]
  -------------------------------------------------------------------
                         required time                         15.084    
                         arrival time                         -30.478    
  -------------------------------------------------------------------
                         slack                                -15.394    

Slack (VIOLATED) :        -15.350ns  (required time - arrival time)
  Source:                 nolabel_line49/vga_sync_unit/h_count_reg_reg[3]/C
                            (rising edge-triggered cell FDRE clocked by sys_clk_pin  {rise@0.000ns fall@5.000ns period=10.000ns})
  Destination:            nolabel_line49/rgb_reg_reg[2]/D
                            (rising edge-triggered cell FDSE clocked by sys_clk_pin  {rise@0.000ns fall@5.000ns period=10.000ns})
  Path Group:             sys_clk_pin
  Path Type:              Setup (Max at Slow Process Corner)
  Requirement:            10.000ns  (sys_clk_pin rise@10.000ns - sys_clk_pin rise@0.000ns)
  Data Path Delay:        25.228ns  (logic 14.840ns (58.824%)  route 10.388ns (41.176%))
  Logic Levels:           32  (CARRY4=15 DSP48E1=2 LUT2=3 LUT3=2 LUT4=1 LUT5=3 LUT6=6)
  Clock Path Skew:        -0.118ns (DCD - SCD + CPR)
    Destination Clock Delay (DCD):    4.780ns = ( 14.780 - 10.000 ) 
    Source Clock Delay      (SCD):    5.158ns
    Clock Pessimism Removal (CPR):    0.260ns
  Clock Uncertainty:      0.035ns  ((TSJ^2 + TIJ^2)^1/2 + DJ) / 2 + PE
    Total System Jitter     (TSJ):    0.071ns
    Total Input Jitter      (TIJ):    0.000ns
    Discrete Jitter          (DJ):    0.000ns
    Phase Error              (PE):    0.000ns

    Location             Delay type                Incr(ns)  Path(ns)    Netlist Resource(s)
  -------------------------------------------------------------------    -------------------
                         (clock sys_clk_pin rise edge)
                                                      0.000     0.000 r  
    W5                                                0.000     0.000 r  basys_clock (IN)
                         net (fo=0)                   0.000     0.000    basys_clock
    W5                   IBUF (Prop_ibuf_I_O)         1.458     1.458 r  basys_clock_IBUF_inst/O
                         net (fo=1, routed)           1.967     3.425    basys_clock_IBUF
    BUFGCTRL_X0Y0        BUFG (Prop_bufg_I_O)         0.096     3.521 r  basys_clock_IBUF_BUFG_inst/O
                         net (fo=323, routed)         1.637     5.158    nolabel_line49/vga_sync_unit/basys_clock_IBUF_BUFG
    SLICE_X1Y8           FDRE                                         r  nolabel_line49/vga_sync_unit/h_count_reg_reg[3]/C
  -------------------------------------------------------------------    -------------------
    SLICE_X1Y8           FDRE (Prop_fdre_C_Q)         0.456     5.614 r  nolabel_line49/vga_sync_unit/h_count_reg_reg[3]/Q
                         net (fo=80, routed)          0.889     6.503    nolabel_line49/vga_sync_unit/x[3]
    SLICE_X2Y9           LUT6 (Prop_lut6_I1_O)        0.124     6.627 r  nolabel_line49/vga_sync_unit/data[9]_i_56/O
                         net (fo=70, routed)          0.517     7.144    nolabel_line49/vga_sync_unit/data[9]_i_56_n_0
    SLICE_X1Y11          LUT3 (Prop_lut3_I1_O)        0.124     7.268 r  nolabel_line49/vga_sync_unit/data[9]_i_298/O
                         net (fo=54, routed)          0.570     7.839    nolabel_line49/vga_sync_unit/data[9]_i_298_n_0
    SLICE_X3Y11          LUT6 (Prop_lut6_I0_O)        0.124     7.963 r  nolabel_line49/vga_sync_unit/rgb_reg3__2_i_253/O
                         net (fo=1, routed)           0.000     7.963    nolabel_line49/vga_sync_unit/rgb_reg3__2_i_253_n_0
    SLICE_X3Y11          CARRY4 (Prop_carry4_S[3]_CO[3])
                                                      0.401     8.364 r  nolabel_line49/vga_sync_unit/rgb_reg3__2_i_224/CO[3]
                         net (fo=1, routed)           0.000     8.364    nolabel_line49/vga_sync_unit/rgb_reg3__2_i_224_n_0
    SLICE_X3Y12          CARRY4 (Prop_carry4_CI_CO[3])
                                                      0.114     8.478 r  nolabel_line49/vga_sync_unit/rgb_reg3__2_i_195/CO[3]
                         net (fo=1, routed)           0.000     8.478    nolabel_line49/vga_sync_unit/rgb_reg3__2_i_195_n_0
    SLICE_X3Y13          CARRY4 (Prop_carry4_CI_CO[1])
                                                      0.157     8.635 r  nolabel_line49/vga_sync_unit/rgb_reg3__2_i_166/CO[1]
                         net (fo=40, routed)          0.731     9.365    nolabel_line49/vga_sync_unit/rgb_reg3__2[0]
    SLICE_X2Y17          CARRY4 (Prop_carry4_CYINIT_O[1])
                                                      0.835    10.200 r  nolabel_line49/vga_sync_unit/rgb_reg3__2_i_164/O[1]
                         net (fo=3, routed)           0.449    10.649    nolabel_line49/vga_sync_unit/rgb_reg3__2_i_164_n_6
    SLICE_X4Y18          LUT4 (Prop_lut4_I3_O)        0.306    10.955 r  nolabel_line49/vga_sync_unit/rgb_reg3__2_i_102/O
                         net (fo=1, routed)           0.000    10.955    nolabel_line49/vga_sync_unit/rgb_reg3__2_i_102_n_0
    SLICE_X4Y18          CARRY4 (Prop_carry4_S[1]_O[2])
                                                      0.580    11.535 r  nolabel_line49/vga_sync_unit/rgb_reg3__2_i_69/O[2]
                         net (fo=3, routed)           0.652    12.187    nolabel_line49_n_177
    SLICE_X7Y18          LUT5 (Prop_lut5_I4_O)        0.302    12.489 r  rgb_reg3__2_i_47/O
                         net (fo=1, routed)           0.000    12.489    nolabel_line49/vga_sync_unit/h_count_reg_reg[8]_25[3]
    SLICE_X7Y18          CARRY4 (Prop_carry4_S[3]_CO[3])
                                                      0.401    12.890 r  nolabel_line49/vga_sync_unit/rgb_reg3__2_i_37/CO[3]
                         net (fo=1, routed)           0.000    12.890    nolabel_line49/vga_sync_unit/rgb_reg3__2_i_37_n_0
    SLICE_X7Y19          CARRY4 (Prop_carry4_CI_O[1])
                                                      0.334    13.224 r  nolabel_line49/vga_sync_unit/rgb_reg3__2_i_41/O[1]
                         net (fo=4, routed)           0.861    14.085    nolabel_line49_n_184
    SLICE_X8Y18          LUT3 (Prop_lut3_I2_O)        0.303    14.388 r  rgb_reg3__2_i_38/O
                         net (fo=1, routed)           0.000    14.388    rgb_reg3__2_i_38_n_0
    SLICE_X8Y18          CARRY4 (Prop_carry4_S[3]_CO[3])
                                                      0.376    14.764 r  rgb_reg3__2_i_31/CO[3]
                         net (fo=1, routed)           0.000    14.764    rgb_reg3__2_i_31_n_0
    SLICE_X8Y19          CARRY4 (Prop_carry4_CI_O[0])
                                                      0.219    14.983 r  rgb_reg3__2_i_29/O[0]
                         net (fo=1, routed)           0.484    15.467    nolabel_line49/vga_sync_unit/h_count_reg_reg[0]_1[0]
    SLICE_X9Y19          LUT2 (Prop_lut2_I1_O)        0.295    15.762 r  nolabel_line49/vga_sync_unit/rgb_reg3__2_i_19/O
                         net (fo=1, routed)           0.000    15.762    nolabel_line49/vga_sync_unit/rgb_reg3__2_i_19_n_0
    SLICE_X9Y19          CARRY4 (Prop_carry4_S[1]_O[2])
                                                      0.580    16.342 r  nolabel_line49/vga_sync_unit/rgb_reg3__2_i_12/O[2]
                         net (fo=10, routed)          0.647    16.989    nolabel_line49/vga_sync_unit_n_334
    SLICE_X13Y17         LUT6 (Prop_lut6_I5_O)        0.302    17.291 r  nolabel_line49/rgb_reg3__2_i_15/O
                         net (fo=5, routed)           0.178    17.469    nolabel_line49/rgb_reg3__2_i_15_n_0
    SLICE_X13Y17         LUT6 (Prop_lut6_I2_O)        0.124    17.593 f  nolabel_line49/rgb_reg3__2_i_11/O
                         net (fo=9, routed)           0.411    18.004    nolabel_line49/rgb_reg3__2_i_11_n_0
    SLICE_X12Y17         LUT5 (Prop_lut5_I0_O)        0.124    18.128 r  nolabel_line49/rgb_reg3__2_i_1/O
                         net (fo=10, routed)          0.652    18.780    nolabel_line49/rgb_reg3__2_i_1_n_0
    DSP48_X0Y7           DSP48E1 (Prop_dsp48e1_A[6]_PCOUT[47])
                                                      4.036    22.816 r  nolabel_line49/rgb_reg3__3/PCOUT[47]
                         net (fo=1, routed)           0.002    22.818    nolabel_line49/rgb_reg3__3_n_106
    DSP48_X0Y8           DSP48E1 (Prop_dsp48e1_PCIN[47]_P[0])
                                                      1.518    24.336 r  nolabel_line49/rgb_reg3__4/P[0]
                         net (fo=2, routed)           0.781    25.117    nolabel_line49/rgb_reg3__4_n_105
    SLICE_X10Y19         LUT2 (Prop_lut2_I0_O)        0.124    25.241 r  nolabel_line49/rgb_reg[7]_i_103/O
                         net (fo=1, routed)           0.000    25.241    nolabel_line49/rgb_reg[7]_i_103_n_0
    SLICE_X10Y19         CARRY4 (Prop_carry4_S[1]_CO[3])
                                                      0.533    25.774 r  nolabel_line49/rgb_reg_reg[7]_i_79/CO[3]
                         net (fo=1, routed)           0.000    25.774    nolabel_line49/rgb_reg_reg[7]_i_79_n_0
    SLICE_X10Y20         CARRY4 (Prop_carry4_CI_CO[3])
                                                      0.117    25.891 r  nolabel_line49/rgb_reg_reg[7]_i_63/CO[3]
                         net (fo=1, routed)           0.000    25.891    nolabel_line49/rgb_reg_reg[7]_i_63_n_0
    SLICE_X10Y21         CARRY4 (Prop_carry4_CI_O[0])
                                                      0.219    26.110 r  nolabel_line49/rgb_reg_reg[7]_i_40/O[0]
                         net (fo=2, routed)           0.637    26.747    nolabel_line49/rgb_reg_reg[7]_i_40_n_7
    SLICE_X11Y21         LUT2 (Prop_lut2_I0_O)        0.295    27.042 r  nolabel_line49/rgb_reg[7]_i_44/O
                         net (fo=1, routed)           0.000    27.042    nolabel_line49/rgb_reg[7]_i_44_n_0
    SLICE_X11Y21         CARRY4 (Prop_carry4_S[0]_CO[3])
                                                      0.532    27.574 r  nolabel_line49/rgb_reg_reg[7]_i_14/CO[3]
                         net (fo=1, routed)           0.000    27.574    nolabel_line49/rgb_reg_reg[7]_i_14_n_0
    SLICE_X11Y22         CARRY4 (Prop_carry4_CI_O[1])
                                                      0.334    27.908 r  nolabel_line49/rgb_reg_reg[7]_i_34/O[1]
                         net (fo=1, routed)           0.741    28.648    nolabel_line49/rgb_reg2[29]
    SLICE_X13Y21         LUT6 (Prop_lut6_I1_O)        0.303    28.951 r  nolabel_line49/rgb_reg[7]_i_10/O
                         net (fo=1, routed)           0.715    29.667    nolabel_line49/rgb_reg[7]_i_10_n_0
    SLICE_X13Y20         LUT6 (Prop_lut6_I0_O)        0.124    29.791 r  nolabel_line49/rgb_reg[7]_i_3/O
                         net (fo=8, routed)           0.472    30.262    nolabel_line49/piece_render_inst/piece_mux_inst/rgb_reg3__3
    SLICE_X13Y20         LUT5 (Prop_lut5_I0_O)        0.124    30.386 r  nolabel_line49/piece_render_inst/piece_mux_inst/rgb_reg[2]_i_1/O
                         net (fo=1, routed)           0.000    30.386    nolabel_line49/piece_render_inst_n_2
    SLICE_X13Y20         FDSE                                         r  nolabel_line49/rgb_reg_reg[2]/D
  -------------------------------------------------------------------    -------------------

                         (clock sys_clk_pin rise edge)
                                                     10.000    10.000 r  
    W5                                                0.000    10.000 r  basys_clock (IN)
                         net (fo=0)                   0.000    10.000    basys_clock
    W5                   IBUF (Prop_ibuf_I_O)         1.388    11.388 r  basys_clock_IBUF_inst/O
                         net (fo=1, routed)           1.862    13.250    basys_clock_IBUF
    BUFGCTRL_X0Y0        BUFG (Prop_bufg_I_O)         0.091    13.341 r  basys_clock_IBUF_BUFG_inst/O
                         net (fo=323, routed)         1.439    14.780    nolabel_line49/basys_clock_IBUF_BUFG
    SLICE_X13Y20         FDSE                                         r  nolabel_line49/rgb_reg_reg[2]/C
                         clock pessimism              0.260    15.040    
                         clock uncertainty           -0.035    15.005    
    SLICE_X13Y20         FDSE (Setup_fdse_C_D)        0.031    15.036    nolabel_line49/rgb_reg_reg[2]
  -------------------------------------------------------------------
                         required time                         15.036    
                         arrival time                         -30.386    
  -------------------------------------------------------------------
                         slack                                -15.350    

Slack (VIOLATED) :        -15.348ns  (required time - arrival time)
  Source:                 nolabel_line49/vga_sync_unit/h_count_reg_reg[3]/C
                            (rising edge-triggered cell FDRE clocked by sys_clk_pin  {rise@0.000ns fall@5.000ns period=10.000ns})
  Destination:            nolabel_line49/rgb_reg_reg[3]/D
                            (rising edge-triggered cell FDSE clocked by sys_clk_pin  {rise@0.000ns fall@5.000ns period=10.000ns})
  Path Group:             sys_clk_pin
  Path Type:              Setup (Max at Slow Process Corner)
  Requirement:            10.000ns  (sys_clk_pin rise@10.000ns - sys_clk_pin rise@0.000ns)
  Data Path Delay:        25.224ns  (logic 14.840ns (58.833%)  route 10.384ns (41.167%))
  Logic Levels:           32  (CARRY4=15 DSP48E1=2 LUT2=3 LUT3=2 LUT4=1 LUT5=3 LUT6=6)
  Clock Path Skew:        -0.118ns (DCD - SCD + CPR)
    Destination Clock Delay (DCD):    4.780ns = ( 14.780 - 10.000 ) 
    Source Clock Delay      (SCD):    5.158ns
    Clock Pessimism Removal (CPR):    0.260ns
  Clock Uncertainty:      0.035ns  ((TSJ^2 + TIJ^2)^1/2 + DJ) / 2 + PE
    Total System Jitter     (TSJ):    0.071ns
    Total Input Jitter      (TIJ):    0.000ns
    Discrete Jitter          (DJ):    0.000ns
    Phase Error              (PE):    0.000ns

    Location             Delay type                Incr(ns)  Path(ns)    Netlist Resource(s)
  -------------------------------------------------------------------    -------------------
                         (clock sys_clk_pin rise edge)
                                                      0.000     0.000 r  
    W5                                                0.000     0.000 r  basys_clock (IN)
                         net (fo=0)                   0.000     0.000    basys_clock
    W5                   IBUF (Prop_ibuf_I_O)         1.458     1.458 r  basys_clock_IBUF_inst/O
                         net (fo=1, routed)           1.967     3.425    basys_clock_IBUF
    BUFGCTRL_X0Y0        BUFG (Prop_bufg_I_O)         0.096     3.521 r  basys_clock_IBUF_BUFG_inst/O
                         net (fo=323, routed)         1.637     5.158    nolabel_line49/vga_sync_unit/basys_clock_IBUF_BUFG
    SLICE_X1Y8           FDRE                                         r  nolabel_line49/vga_sync_unit/h_count_reg_reg[3]/C
  -------------------------------------------------------------------    -------------------
    SLICE_X1Y8           FDRE (Prop_fdre_C_Q)         0.456     5.614 r  nolabel_line49/vga_sync_unit/h_count_reg_reg[3]/Q
                         net (fo=80, routed)          0.889     6.503    nolabel_line49/vga_sync_unit/x[3]
    SLICE_X2Y9           LUT6 (Prop_lut6_I1_O)        0.124     6.627 r  nolabel_line49/vga_sync_unit/data[9]_i_56/O
                         net (fo=70, routed)          0.517     7.144    nolabel_line49/vga_sync_unit/data[9]_i_56_n_0
    SLICE_X1Y11          LUT3 (Prop_lut3_I1_O)        0.124     7.268 r  nolabel_line49/vga_sync_unit/data[9]_i_298/O
                         net (fo=54, routed)          0.570     7.839    nolabel_line49/vga_sync_unit/data[9]_i_298_n_0
    SLICE_X3Y11          LUT6 (Prop_lut6_I0_O)        0.124     7.963 r  nolabel_line49/vga_sync_unit/rgb_reg3__2_i_253/O
                         net (fo=1, routed)           0.000     7.963    nolabel_line49/vga_sync_unit/rgb_reg3__2_i_253_n_0
    SLICE_X3Y11          CARRY4 (Prop_carry4_S[3]_CO[3])
                                                      0.401     8.364 r  nolabel_line49/vga_sync_unit/rgb_reg3__2_i_224/CO[3]
                         net (fo=1, routed)           0.000     8.364    nolabel_line49/vga_sync_unit/rgb_reg3__2_i_224_n_0
    SLICE_X3Y12          CARRY4 (Prop_carry4_CI_CO[3])
                                                      0.114     8.478 r  nolabel_line49/vga_sync_unit/rgb_reg3__2_i_195/CO[3]
                         net (fo=1, routed)           0.000     8.478    nolabel_line49/vga_sync_unit/rgb_reg3__2_i_195_n_0
    SLICE_X3Y13          CARRY4 (Prop_carry4_CI_CO[1])
                                                      0.157     8.635 r  nolabel_line49/vga_sync_unit/rgb_reg3__2_i_166/CO[1]
                         net (fo=40, routed)          0.731     9.365    nolabel_line49/vga_sync_unit/rgb_reg3__2[0]
    SLICE_X2Y17          CARRY4 (Prop_carry4_CYINIT_O[1])
                                                      0.835    10.200 r  nolabel_line49/vga_sync_unit/rgb_reg3__2_i_164/O[1]
                         net (fo=3, routed)           0.449    10.649    nolabel_line49/vga_sync_unit/rgb_reg3__2_i_164_n_6
    SLICE_X4Y18          LUT4 (Prop_lut4_I3_O)        0.306    10.955 r  nolabel_line49/vga_sync_unit/rgb_reg3__2_i_102/O
                         net (fo=1, routed)           0.000    10.955    nolabel_line49/vga_sync_unit/rgb_reg3__2_i_102_n_0
    SLICE_X4Y18          CARRY4 (Prop_carry4_S[1]_O[2])
                                                      0.580    11.535 r  nolabel_line49/vga_sync_unit/rgb_reg3__2_i_69/O[2]
                         net (fo=3, routed)           0.652    12.187    nolabel_line49_n_177
    SLICE_X7Y18          LUT5 (Prop_lut5_I4_O)        0.302    12.489 r  rgb_reg3__2_i_47/O
                         net (fo=1, routed)           0.000    12.489    nolabel_line49/vga_sync_unit/h_count_reg_reg[8]_25[3]
    SLICE_X7Y18          CARRY4 (Prop_carry4_S[3]_CO[3])
                                                      0.401    12.890 r  nolabel_line49/vga_sync_unit/rgb_reg3__2_i_37/CO[3]
                         net (fo=1, routed)           0.000    12.890    nolabel_line49/vga_sync_unit/rgb_reg3__2_i_37_n_0
    SLICE_X7Y19          CARRY4 (Prop_carry4_CI_O[1])
                                                      0.334    13.224 r  nolabel_line49/vga_sync_unit/rgb_reg3__2_i_41/O[1]
                         net (fo=4, routed)           0.861    14.085    nolabel_line49_n_184
    SLICE_X8Y18          LUT3 (Prop_lut3_I2_O)        0.303    14.388 r  rgb_reg3__2_i_38/O
                         net (fo=1, routed)           0.000    14.388    rgb_reg3__2_i_38_n_0
    SLICE_X8Y18          CARRY4 (Prop_carry4_S[3]_CO[3])
                                                      0.376    14.764 r  rgb_reg3__2_i_31/CO[3]
                         net (fo=1, routed)           0.000    14.764    rgb_reg3__2_i_31_n_0
    SLICE_X8Y19          CARRY4 (Prop_carry4_CI_O[0])
                                                      0.219    14.983 r  rgb_reg3__2_i_29/O[0]
                         net (fo=1, routed)           0.484    15.467    nolabel_line49/vga_sync_unit/h_count_reg_reg[0]_1[0]
    SLICE_X9Y19          LUT2 (Prop_lut2_I1_O)        0.295    15.762 r  nolabel_line49/vga_sync_unit/rgb_reg3__2_i_19/O
                         net (fo=1, routed)           0.000    15.762    nolabel_line49/vga_sync_unit/rgb_reg3__2_i_19_n_0
    SLICE_X9Y19          CARRY4 (Prop_carry4_S[1]_O[2])
                                                      0.580    16.342 r  nolabel_line49/vga_sync_unit/rgb_reg3__2_i_12/O[2]
                         net (fo=10, routed)          0.647    16.989    nolabel_line49/vga_sync_unit_n_334
    SLICE_X13Y17         LUT6 (Prop_lut6_I5_O)        0.302    17.291 r  nolabel_line49/rgb_reg3__2_i_15/O
                         net (fo=5, routed)           0.178    17.469    nolabel_line49/rgb_reg3__2_i_15_n_0
    SLICE_X13Y17         LUT6 (Prop_lut6_I2_O)        0.124    17.593 f  nolabel_line49/rgb_reg3__2_i_11/O
                         net (fo=9, routed)           0.411    18.004    nolabel_line49/rgb_reg3__2_i_11_n_0
    SLICE_X12Y17         LUT5 (Prop_lut5_I0_O)        0.124    18.128 r  nolabel_line49/rgb_reg3__2_i_1/O
                         net (fo=10, routed)          0.652    18.780    nolabel_line49/rgb_reg3__2_i_1_n_0
    DSP48_X0Y7           DSP48E1 (Prop_dsp48e1_A[6]_PCOUT[47])
                                                      4.036    22.816 r  nolabel_line49/rgb_reg3__3/PCOUT[47]
                         net (fo=1, routed)           0.002    22.818    nolabel_line49/rgb_reg3__3_n_106
    DSP48_X0Y8           DSP48E1 (Prop_dsp48e1_PCIN[47]_P[0])
                                                      1.518    24.336 r  nolabel_line49/rgb_reg3__4/P[0]
                         net (fo=2, routed)           0.781    25.117    nolabel_line49/rgb_reg3__4_n_105
    SLICE_X10Y19         LUT2 (Prop_lut2_I0_O)        0.124    25.241 r  nolabel_line49/rgb_reg[7]_i_103/O
                         net (fo=1, routed)           0.000    25.241    nolabel_line49/rgb_reg[7]_i_103_n_0
    SLICE_X10Y19         CARRY4 (Prop_carry4_S[1]_CO[3])
                                                      0.533    25.774 r  nolabel_line49/rgb_reg_reg[7]_i_79/CO[3]
                         net (fo=1, routed)           0.000    25.774    nolabel_line49/rgb_reg_reg[7]_i_79_n_0
    SLICE_X10Y20         CARRY4 (Prop_carry4_CI_CO[3])
                                                      0.117    25.891 r  nolabel_line49/rgb_reg_reg[7]_i_63/CO[3]
                         net (fo=1, routed)           0.000    25.891    nolabel_line49/rgb_reg_reg[7]_i_63_n_0
    SLICE_X10Y21         CARRY4 (Prop_carry4_CI_O[0])
                                                      0.219    26.110 r  nolabel_line49/rgb_reg_reg[7]_i_40/O[0]
                         net (fo=2, routed)           0.637    26.747    nolabel_line49/rgb_reg_reg[7]_i_40_n_7
    SLICE_X11Y21         LUT2 (Prop_lut2_I0_O)        0.295    27.042 r  nolabel_line49/rgb_reg[7]_i_44/O
                         net (fo=1, routed)           0.000    27.042    nolabel_line49/rgb_reg[7]_i_44_n_0
    SLICE_X11Y21         CARRY4 (Prop_carry4_S[0]_CO[3])
                                                      0.532    27.574 r  nolabel_line49/rgb_reg_reg[7]_i_14/CO[3]
                         net (fo=1, routed)           0.000    27.574    nolabel_line49/rgb_reg_reg[7]_i_14_n_0
    SLICE_X11Y22         CARRY4 (Prop_carry4_CI_O[1])
                                                      0.334    27.908 r  nolabel_line49/rgb_reg_reg[7]_i_34/O[1]
                         net (fo=1, routed)           0.741    28.648    nolabel_line49/rgb_reg2[29]
    SLICE_X13Y21         LUT6 (Prop_lut6_I1_O)        0.303    28.951 r  nolabel_line49/rgb_reg[7]_i_10/O
                         net (fo=1, routed)           0.715    29.667    nolabel_line49/rgb_reg[7]_i_10_n_0
    SLICE_X13Y20         LUT6 (Prop_lut6_I0_O)        0.124    29.791 r  nolabel_line49/rgb_reg[7]_i_3/O
                         net (fo=8, routed)           0.468    30.258    nolabel_line49/piece_render_inst/piece_mux_inst/rgb_reg3__3
    SLICE_X13Y20         LUT5 (Prop_lut5_I0_O)        0.124    30.382 r  nolabel_line49/piece_render_inst/piece_mux_inst/rgb_reg[3]_i_1/O
                         net (fo=1, routed)           0.000    30.382    nolabel_line49/piece_render_inst_n_3
    SLICE_X13Y20         FDSE                                         r  nolabel_line49/rgb_reg_reg[3]/D
  -------------------------------------------------------------------    -------------------

                         (clock sys_clk_pin rise edge)
                                                     10.000    10.000 r  
    W5                                                0.000    10.000 r  basys_clock (IN)
                         net (fo=0)                   0.000    10.000    basys_clock
    W5                   IBUF (Prop_ibuf_I_O)         1.388    11.388 r  basys_clock_IBUF_inst/O
                         net (fo=1, routed)           1.862    13.250    basys_clock_IBUF
    BUFGCTRL_X0Y0        BUFG (Prop_bufg_I_O)         0.091    13.341 r  basys_clock_IBUF_BUFG_inst/O
                         net (fo=323, routed)         1.439    14.780    nolabel_line49/basys_clock_IBUF_BUFG
    SLICE_X13Y20         FDSE                                         r  nolabel_line49/rgb_reg_reg[3]/C
                         clock pessimism              0.260    15.040    
                         clock uncertainty           -0.035    15.005    
    SLICE_X13Y20         FDSE (Setup_fdse_C_D)        0.029    15.034    nolabel_line49/rgb_reg_reg[3]
  -------------------------------------------------------------------
                         required time                         15.034    
                         arrival time                         -30.382    
  -------------------------------------------------------------------
                         slack                                -15.348    

Slack (VIOLATED) :        -15.345ns  (required time - arrival time)
  Source:                 nolabel_line49/vga_sync_unit/h_count_reg_reg[3]/C
                            (rising edge-triggered cell FDRE clocked by sys_clk_pin  {rise@0.000ns fall@5.000ns period=10.000ns})
  Destination:            nolabel_line49/rgb_reg_reg[5]/D
                            (rising edge-triggered cell FDRE clocked by sys_clk_pin  {rise@0.000ns fall@5.000ns period=10.000ns})
  Path Group:             sys_clk_pin
  Path Type:              Setup (Max at Slow Process Corner)
  Requirement:            10.000ns  (sys_clk_pin rise@10.000ns - sys_clk_pin rise@0.000ns)
  Data Path Delay:        25.222ns  (logic 14.840ns (58.837%)  route 10.382ns (41.163%))
  Logic Levels:           32  (CARRY4=15 DSP48E1=2 LUT2=3 LUT3=2 LUT4=1 LUT5=2 LUT6=7)
  Clock Path Skew:        -0.118ns (DCD - SCD + CPR)
    Destination Clock Delay (DCD):    4.780ns = ( 14.780 - 10.000 ) 
    Source Clock Delay      (SCD):    5.158ns
    Clock Pessimism Removal (CPR):    0.260ns
  Clock Uncertainty:      0.035ns  ((TSJ^2 + TIJ^2)^1/2 + DJ) / 2 + PE
    Total System Jitter     (TSJ):    0.071ns
    Total Input Jitter      (TIJ):    0.000ns
    Discrete Jitter          (DJ):    0.000ns
    Phase Error              (PE):    0.000ns

    Location             Delay type                Incr(ns)  Path(ns)    Netlist Resource(s)
  -------------------------------------------------------------------    -------------------
                         (clock sys_clk_pin rise edge)
                                                      0.000     0.000 r  
    W5                                                0.000     0.000 r  basys_clock (IN)
                         net (fo=0)                   0.000     0.000    basys_clock
    W5                   IBUF (Prop_ibuf_I_O)         1.458     1.458 r  basys_clock_IBUF_inst/O
                         net (fo=1, routed)           1.967     3.425    basys_clock_IBUF
    BUFGCTRL_X0Y0        BUFG (Prop_bufg_I_O)         0.096     3.521 r  basys_clock_IBUF_BUFG_inst/O
                         net (fo=323, routed)         1.637     5.158    nolabel_line49/vga_sync_unit/basys_clock_IBUF_BUFG
    SLICE_X1Y8           FDRE                                         r  nolabel_line49/vga_sync_unit/h_count_reg_reg[3]/C
  -------------------------------------------------------------------    -------------------
    SLICE_X1Y8           FDRE (Prop_fdre_C_Q)         0.456     5.614 r  nolabel_line49/vga_sync_unit/h_count_reg_reg[3]/Q
                         net (fo=80, routed)          0.889     6.503    nolabel_line49/vga_sync_unit/x[3]
    SLICE_X2Y9           LUT6 (Prop_lut6_I1_O)        0.124     6.627 r  nolabel_line49/vga_sync_unit/data[9]_i_56/O
                         net (fo=70, routed)          0.517     7.144    nolabel_line49/vga_sync_unit/data[9]_i_56_n_0
    SLICE_X1Y11          LUT3 (Prop_lut3_I1_O)        0.124     7.268 r  nolabel_line49/vga_sync_unit/data[9]_i_298/O
                         net (fo=54, routed)          0.570     7.839    nolabel_line49/vga_sync_unit/data[9]_i_298_n_0
    SLICE_X3Y11          LUT6 (Prop_lut6_I0_O)        0.124     7.963 r  nolabel_line49/vga_sync_unit/rgb_reg3__2_i_253/O
                         net (fo=1, routed)           0.000     7.963    nolabel_line49/vga_sync_unit/rgb_reg3__2_i_253_n_0
    SLICE_X3Y11          CARRY4 (Prop_carry4_S[3]_CO[3])
                                                      0.401     8.364 r  nolabel_line49/vga_sync_unit/rgb_reg3__2_i_224/CO[3]
                         net (fo=1, routed)           0.000     8.364    nolabel_line49/vga_sync_unit/rgb_reg3__2_i_224_n_0
    SLICE_X3Y12          CARRY4 (Prop_carry4_CI_CO[3])
                                                      0.114     8.478 r  nolabel_line49/vga_sync_unit/rgb_reg3__2_i_195/CO[3]
                         net (fo=1, routed)           0.000     8.478    nolabel_line49/vga_sync_unit/rgb_reg3__2_i_195_n_0
    SLICE_X3Y13          CARRY4 (Prop_carry4_CI_CO[1])
                                                      0.157     8.635 r  nolabel_line49/vga_sync_unit/rgb_reg3__2_i_166/CO[1]
                         net (fo=40, routed)          0.731     9.365    nolabel_line49/vga_sync_unit/rgb_reg3__2[0]
    SLICE_X2Y17          CARRY4 (Prop_carry4_CYINIT_O[1])
                                                      0.835    10.200 r  nolabel_line49/vga_sync_unit/rgb_reg3__2_i_164/O[1]
                         net (fo=3, routed)           0.449    10.649    nolabel_line49/vga_sync_unit/rgb_reg3__2_i_164_n_6
    SLICE_X4Y18          LUT4 (Prop_lut4_I3_O)        0.306    10.955 r  nolabel_line49/vga_sync_unit/rgb_reg3__2_i_102/O
                         net (fo=1, routed)           0.000    10.955    nolabel_line49/vga_sync_unit/rgb_reg3__2_i_102_n_0
    SLICE_X4Y18          CARRY4 (Prop_carry4_S[1]_O[2])
                                                      0.580    11.535 r  nolabel_line49/vga_sync_unit/rgb_reg3__2_i_69/O[2]
                         net (fo=3, routed)           0.652    12.187    nolabel_line49_n_177
    SLICE_X7Y18          LUT5 (Prop_lut5_I4_O)        0.302    12.489 r  rgb_reg3__2_i_47/O
                         net (fo=1, routed)           0.000    12.489    nolabel_line49/vga_sync_unit/h_count_reg_reg[8]_25[3]
    SLICE_X7Y18          CARRY4 (Prop_carry4_S[3]_CO[3])
                                                      0.401    12.890 r  nolabel_line49/vga_sync_unit/rgb_reg3__2_i_37/CO[3]
                         net (fo=1, routed)           0.000    12.890    nolabel_line49/vga_sync_unit/rgb_reg3__2_i_37_n_0
    SLICE_X7Y19          CARRY4 (Prop_carry4_CI_O[1])
                                                      0.334    13.224 r  nolabel_line49/vga_sync_unit/rgb_reg3__2_i_41/O[1]
                         net (fo=4, routed)           0.861    14.085    nolabel_line49_n_184
    SLICE_X8Y18          LUT3 (Prop_lut3_I2_O)        0.303    14.388 r  rgb_reg3__2_i_38/O
                         net (fo=1, routed)           0.000    14.388    rgb_reg3__2_i_38_n_0
    SLICE_X8Y18          CARRY4 (Prop_carry4_S[3]_CO[3])
                                                      0.376    14.764 r  rgb_reg3__2_i_31/CO[3]
                         net (fo=1, routed)           0.000    14.764    rgb_reg3__2_i_31_n_0
    SLICE_X8Y19          CARRY4 (Prop_carry4_CI_O[0])
                                                      0.219    14.983 r  rgb_reg3__2_i_29/O[0]
                         net (fo=1, routed)           0.484    15.467    nolabel_line49/vga_sync_unit/h_count_reg_reg[0]_1[0]
    SLICE_X9Y19          LUT2 (Prop_lut2_I1_O)        0.295    15.762 r  nolabel_line49/vga_sync_unit/rgb_reg3__2_i_19/O
                         net (fo=1, routed)           0.000    15.762    nolabel_line49/vga_sync_unit/rgb_reg3__2_i_19_n_0
    SLICE_X9Y19          CARRY4 (Prop_carry4_S[1]_O[2])
                                                      0.580    16.342 r  nolabel_line49/vga_sync_unit/rgb_reg3__2_i_12/O[2]
                         net (fo=10, routed)          0.647    16.989    nolabel_line49/vga_sync_unit_n_334
    SLICE_X13Y17         LUT6 (Prop_lut6_I5_O)        0.302    17.291 r  nolabel_line49/rgb_reg3__2_i_15/O
                         net (fo=5, routed)           0.178    17.469    nolabel_line49/rgb_reg3__2_i_15_n_0
    SLICE_X13Y17         LUT6 (Prop_lut6_I2_O)        0.124    17.593 f  nolabel_line49/rgb_reg3__2_i_11/O
                         net (fo=9, routed)           0.411    18.004    nolabel_line49/rgb_reg3__2_i_11_n_0
    SLICE_X12Y17         LUT5 (Prop_lut5_I0_O)        0.124    18.128 r  nolabel_line49/rgb_reg3__2_i_1/O
                         net (fo=10, routed)          0.652    18.780    nolabel_line49/rgb_reg3__2_i_1_n_0
    DSP48_X0Y7           DSP48E1 (Prop_dsp48e1_A[6]_PCOUT[47])
                                                      4.036    22.816 r  nolabel_line49/rgb_reg3__3/PCOUT[47]
                         net (fo=1, routed)           0.002    22.818    nolabel_line49/rgb_reg3__3_n_106
    DSP48_X0Y8           DSP48E1 (Prop_dsp48e1_PCIN[47]_P[0])
                                                      1.518    24.336 r  nolabel_line49/rgb_reg3__4/P[0]
                         net (fo=2, routed)           0.781    25.117    nolabel_line49/rgb_reg3__4_n_105
    SLICE_X10Y19         LUT2 (Prop_lut2_I0_O)        0.124    25.241 r  nolabel_line49/rgb_reg[7]_i_103/O
                         net (fo=1, routed)           0.000    25.241    nolabel_line49/rgb_reg[7]_i_103_n_0
    SLICE_X10Y19         CARRY4 (Prop_carry4_S[1]_CO[3])
                                                      0.533    25.774 r  nolabel_line49/rgb_reg_reg[7]_i_79/CO[3]
                         net (fo=1, routed)           0.000    25.774    nolabel_line49/rgb_reg_reg[7]_i_79_n_0
    SLICE_X10Y20         CARRY4 (Prop_carry4_CI_CO[3])
                                                      0.117    25.891 r  nolabel_line49/rgb_reg_reg[7]_i_63/CO[3]
                         net (fo=1, routed)           0.000    25.891    nolabel_line49/rgb_reg_reg[7]_i_63_n_0
    SLICE_X10Y21         CARRY4 (Prop_carry4_CI_O[0])
                                                      0.219    26.110 r  nolabel_line49/rgb_reg_reg[7]_i_40/O[0]
                         net (fo=2, routed)           0.637    26.747    nolabel_line49/rgb_reg_reg[7]_i_40_n_7
    SLICE_X11Y21         LUT2 (Prop_lut2_I0_O)        0.295    27.042 r  nolabel_line49/rgb_reg[7]_i_44/O
                         net (fo=1, routed)           0.000    27.042    nolabel_line49/rgb_reg[7]_i_44_n_0
    SLICE_X11Y21         CARRY4 (Prop_carry4_S[0]_CO[3])
                                                      0.532    27.574 r  nolabel_line49/rgb_reg_reg[7]_i_14/CO[3]
                         net (fo=1, routed)           0.000    27.574    nolabel_line49/rgb_reg_reg[7]_i_14_n_0
    SLICE_X11Y22         CARRY4 (Prop_carry4_CI_O[1])
                                                      0.334    27.908 f  nolabel_line49/rgb_reg_reg[7]_i_34/O[1]
                         net (fo=1, routed)           0.741    28.648    nolabel_line49/rgb_reg2[29]
    SLICE_X13Y21         LUT6 (Prop_lut6_I1_O)        0.303    28.951 f  nolabel_line49/rgb_reg[7]_i_10/O
                         net (fo=1, routed)           0.715    29.667    nolabel_line49/rgb_reg[7]_i_10_n_0
    SLICE_X13Y20         LUT6 (Prop_lut6_I0_O)        0.124    29.791 f  nolabel_line49/rgb_reg[7]_i_3/O
                         net (fo=8, routed)           0.466    30.257    nolabel_line49/vga_sync_unit/rgb_reg3__3
    SLICE_X15Y19         LUT6 (Prop_lut6_I2_O)        0.124    30.381 r  nolabel_line49/vga_sync_unit/rgb_reg[5]_i_1/O
                         net (fo=2, routed)           0.000    30.381    nolabel_line49/p_0_in[5]
    SLICE_X15Y19         FDRE                                         r  nolabel_line49/rgb_reg_reg[5]/D
  -------------------------------------------------------------------    -------------------

                         (clock sys_clk_pin rise edge)
                                                     10.000    10.000 r  
    W5                                                0.000    10.000 r  basys_clock (IN)
                         net (fo=0)                   0.000    10.000    basys_clock
    W5                   IBUF (Prop_ibuf_I_O)         1.388    11.388 r  basys_clock_IBUF_inst/O
                         net (fo=1, routed)           1.862    13.250    basys_clock_IBUF
    BUFGCTRL_X0Y0        BUFG (Prop_bufg_I_O)         0.091    13.341 r  basys_clock_IBUF_BUFG_inst/O
                         net (fo=323, routed)         1.439    14.780    nolabel_line49/basys_clock_IBUF_BUFG
    SLICE_X15Y19         FDRE                                         r  nolabel_line49/rgb_reg_reg[5]/C
                         clock pessimism              0.260    15.040    
                         clock uncertainty           -0.035    15.005    
    SLICE_X15Y19         FDRE (Setup_fdre_C_D)        0.031    15.036    nolabel_line49/rgb_reg_reg[5]
  -------------------------------------------------------------------
                         required time                         15.036    
                         arrival time                         -30.381    
  -------------------------------------------------------------------
                         slack                                -15.345    

Slack (VIOLATED) :        -15.343ns  (required time - arrival time)
  Source:                 nolabel_line49/vga_sync_unit/h_count_reg_reg[3]/C
                            (rising edge-triggered cell FDRE clocked by sys_clk_pin  {rise@0.000ns fall@5.000ns period=10.000ns})
  Destination:            nolabel_line49/rgb_reg_reg[7]/D
                            (rising edge-triggered cell FDRE clocked by sys_clk_pin  {rise@0.000ns fall@5.000ns period=10.000ns})
  Path Group:             sys_clk_pin
  Path Type:              Setup (Max at Slow Process Corner)
  Requirement:            10.000ns  (sys_clk_pin rise@10.000ns - sys_clk_pin rise@0.000ns)
  Data Path Delay:        25.221ns  (logic 14.840ns (58.839%)  route 10.381ns (41.161%))
  Logic Levels:           32  (CARRY4=15 DSP48E1=2 LUT2=3 LUT3=2 LUT4=1 LUT5=2 LUT6=7)
  Clock Path Skew:        -0.118ns (DCD - SCD + CPR)
    Destination Clock Delay (DCD):    4.780ns = ( 14.780 - 10.000 ) 
    Source Clock Delay      (SCD):    5.158ns
    Clock Pessimism Removal (CPR):    0.260ns
  Clock Uncertainty:      0.035ns  ((TSJ^2 + TIJ^2)^1/2 + DJ) / 2 + PE
    Total System Jitter     (TSJ):    0.071ns
    Total Input Jitter      (TIJ):    0.000ns
    Discrete Jitter          (DJ):    0.000ns
    Phase Error              (PE):    0.000ns

    Location             Delay type                Incr(ns)  Path(ns)    Netlist Resource(s)
  -------------------------------------------------------------------    -------------------
                         (clock sys_clk_pin rise edge)
                                                      0.000     0.000 r  
    W5                                                0.000     0.000 r  basys_clock (IN)
                         net (fo=0)                   0.000     0.000    basys_clock
    W5                   IBUF (Prop_ibuf_I_O)         1.458     1.458 r  basys_clock_IBUF_inst/O
                         net (fo=1, routed)           1.967     3.425    basys_clock_IBUF
    BUFGCTRL_X0Y0        BUFG (Prop_bufg_I_O)         0.096     3.521 r  basys_clock_IBUF_BUFG_inst/O
                         net (fo=323, routed)         1.637     5.158    nolabel_line49/vga_sync_unit/basys_clock_IBUF_BUFG
    SLICE_X1Y8           FDRE                                         r  nolabel_line49/vga_sync_unit/h_count_reg_reg[3]/C
  -------------------------------------------------------------------    -------------------
    SLICE_X1Y8           FDRE (Prop_fdre_C_Q)         0.456     5.614 r  nolabel_line49/vga_sync_unit/h_count_reg_reg[3]/Q
                         net (fo=80, routed)          0.889     6.503    nolabel_line49/vga_sync_unit/x[3]
    SLICE_X2Y9           LUT6 (Prop_lut6_I1_O)        0.124     6.627 r  nolabel_line49/vga_sync_unit/data[9]_i_56/O
                         net (fo=70, routed)          0.517     7.144    nolabel_line49/vga_sync_unit/data[9]_i_56_n_0
    SLICE_X1Y11          LUT3 (Prop_lut3_I1_O)        0.124     7.268 r  nolabel_line49/vga_sync_unit/data[9]_i_298/O
                         net (fo=54, routed)          0.570     7.839    nolabel_line49/vga_sync_unit/data[9]_i_298_n_0
    SLICE_X3Y11          LUT6 (Prop_lut6_I0_O)        0.124     7.963 r  nolabel_line49/vga_sync_unit/rgb_reg3__2_i_253/O
                         net (fo=1, routed)           0.000     7.963    nolabel_line49/vga_sync_unit/rgb_reg3__2_i_253_n_0
    SLICE_X3Y11          CARRY4 (Prop_carry4_S[3]_CO[3])
                                                      0.401     8.364 r  nolabel_line49/vga_sync_unit/rgb_reg3__2_i_224/CO[3]
                         net (fo=1, routed)           0.000     8.364    nolabel_line49/vga_sync_unit/rgb_reg3__2_i_224_n_0
    SLICE_X3Y12          CARRY4 (Prop_carry4_CI_CO[3])
                                                      0.114     8.478 r  nolabel_line49/vga_sync_unit/rgb_reg3__2_i_195/CO[3]
                         net (fo=1, routed)           0.000     8.478    nolabel_line49/vga_sync_unit/rgb_reg3__2_i_195_n_0
    SLICE_X3Y13          CARRY4 (Prop_carry4_CI_CO[1])
                                                      0.157     8.635 r  nolabel_line49/vga_sync_unit/rgb_reg3__2_i_166/CO[1]
                         net (fo=40, routed)          0.731     9.365    nolabel_line49/vga_sync_unit/rgb_reg3__2[0]
    SLICE_X2Y17          CARRY4 (Prop_carry4_CYINIT_O[1])
                                                      0.835    10.200 r  nolabel_line49/vga_sync_unit/rgb_reg3__2_i_164/O[1]
                         net (fo=3, routed)           0.449    10.649    nolabel_line49/vga_sync_unit/rgb_reg3__2_i_164_n_6
    SLICE_X4Y18          LUT4 (Prop_lut4_I3_O)        0.306    10.955 r  nolabel_line49/vga_sync_unit/rgb_reg3__2_i_102/O
                         net (fo=1, routed)           0.000    10.955    nolabel_line49/vga_sync_unit/rgb_reg3__2_i_102_n_0
    SLICE_X4Y18          CARRY4 (Prop_carry4_S[1]_O[2])
                                                      0.580    11.535 r  nolabel_line49/vga_sync_unit/rgb_reg3__2_i_69/O[2]
                         net (fo=3, routed)           0.652    12.187    nolabel_line49_n_177
    SLICE_X7Y18          LUT5 (Prop_lut5_I4_O)        0.302    12.489 r  rgb_reg3__2_i_47/O
                         net (fo=1, routed)           0.000    12.489    nolabel_line49/vga_sync_unit/h_count_reg_reg[8]_25[3]
    SLICE_X7Y18          CARRY4 (Prop_carry4_S[3]_CO[3])
                                                      0.401    12.890 r  nolabel_line49/vga_sync_unit/rgb_reg3__2_i_37/CO[3]
                         net (fo=1, routed)           0.000    12.890    nolabel_line49/vga_sync_unit/rgb_reg3__2_i_37_n_0
    SLICE_X7Y19          CARRY4 (Prop_carry4_CI_O[1])
                                                      0.334    13.224 r  nolabel_line49/vga_sync_unit/rgb_reg3__2_i_41/O[1]
                         net (fo=4, routed)           0.861    14.085    nolabel_line49_n_184
    SLICE_X8Y18          LUT3 (Prop_lut3_I2_O)        0.303    14.388 r  rgb_reg3__2_i_38/O
                         net (fo=1, routed)           0.000    14.388    rgb_reg3__2_i_38_n_0
    SLICE_X8Y18          CARRY4 (Prop_carry4_S[3]_CO[3])
                                                      0.376    14.764 r  rgb_reg3__2_i_31/CO[3]
                         net (fo=1, routed)           0.000    14.764    rgb_reg3__2_i_31_n_0
    SLICE_X8Y19          CARRY4 (Prop_carry4_CI_O[0])
                                                      0.219    14.983 r  rgb_reg3__2_i_29/O[0]
                         net (fo=1, routed)           0.484    15.467    nolabel_line49/vga_sync_unit/h_count_reg_reg[0]_1[0]
    SLICE_X9Y19          LUT2 (Prop_lut2_I1_O)        0.295    15.762 r  nolabel_line49/vga_sync_unit/rgb_reg3__2_i_19/O
                         net (fo=1, routed)           0.000    15.762    nolabel_line49/vga_sync_unit/rgb_reg3__2_i_19_n_0
    SLICE_X9Y19          CARRY4 (Prop_carry4_S[1]_O[2])
                                                      0.580    16.342 r  nolabel_line49/vga_sync_unit/rgb_reg3__2_i_12/O[2]
                         net (fo=10, routed)          0.647    16.989    nolabel_line49/vga_sync_unit_n_334
    SLICE_X13Y17         LUT6 (Prop_lut6_I5_O)        0.302    17.291 r  nolabel_line49/rgb_reg3__2_i_15/O
                         net (fo=5, routed)           0.178    17.469    nolabel_line49/rgb_reg3__2_i_15_n_0
    SLICE_X13Y17         LUT6 (Prop_lut6_I2_O)        0.124    17.593 f  nolabel_line49/rgb_reg3__2_i_11/O
                         net (fo=9, routed)           0.411    18.004    nolabel_line49/rgb_reg3__2_i_11_n_0
    SLICE_X12Y17         LUT5 (Prop_lut5_I0_O)        0.124    18.128 r  nolabel_line49/rgb_reg3__2_i_1/O
                         net (fo=10, routed)          0.652    18.780    nolabel_line49/rgb_reg3__2_i_1_n_0
    DSP48_X0Y7           DSP48E1 (Prop_dsp48e1_A[6]_PCOUT[47])
                                                      4.036    22.816 r  nolabel_line49/rgb_reg3__3/PCOUT[47]
                         net (fo=1, routed)           0.002    22.818    nolabel_line49/rgb_reg3__3_n_106
    DSP48_X0Y8           DSP48E1 (Prop_dsp48e1_PCIN[47]_P[0])
                                                      1.518    24.336 r  nolabel_line49/rgb_reg3__4/P[0]
                         net (fo=2, routed)           0.781    25.117    nolabel_line49/rgb_reg3__4_n_105
    SLICE_X10Y19         LUT2 (Prop_lut2_I0_O)        0.124    25.241 r  nolabel_line49/rgb_reg[7]_i_103/O
                         net (fo=1, routed)           0.000    25.241    nolabel_line49/rgb_reg[7]_i_103_n_0
    SLICE_X10Y19         CARRY4 (Prop_carry4_S[1]_CO[3])
                                                      0.533    25.774 r  nolabel_line49/rgb_reg_reg[7]_i_79/CO[3]
                         net (fo=1, routed)           0.000    25.774    nolabel_line49/rgb_reg_reg[7]_i_79_n_0
    SLICE_X10Y20         CARRY4 (Prop_carry4_CI_CO[3])
                                                      0.117    25.891 r  nolabel_line49/rgb_reg_reg[7]_i_63/CO[3]
                         net (fo=1, routed)           0.000    25.891    nolabel_line49/rgb_reg_reg[7]_i_63_n_0
    SLICE_X10Y21         CARRY4 (Prop_carry4_CI_O[0])
                                                      0.219    26.110 r  nolabel_line49/rgb_reg_reg[7]_i_40/O[0]
                         net (fo=2, routed)           0.637    26.747    nolabel_line49/rgb_reg_reg[7]_i_40_n_7
    SLICE_X11Y21         LUT2 (Prop_lut2_I0_O)        0.295    27.042 r  nolabel_line49/rgb_reg[7]_i_44/O
                         net (fo=1, routed)           0.000    27.042    nolabel_line49/rgb_reg[7]_i_44_n_0
    SLICE_X11Y21         CARRY4 (Prop_carry4_S[0]_CO[3])
                                                      0.532    27.574 r  nolabel_line49/rgb_reg_reg[7]_i_14/CO[3]
                         net (fo=1, routed)           0.000    27.574    nolabel_line49/rgb_reg_reg[7]_i_14_n_0
    SLICE_X11Y22         CARRY4 (Prop_carry4_CI_O[1])
                                                      0.334    27.908 f  nolabel_line49/rgb_reg_reg[7]_i_34/O[1]
                         net (fo=1, routed)           0.741    28.648    nolabel_line49/rgb_reg2[29]
    SLICE_X13Y21         LUT6 (Prop_lut6_I1_O)        0.303    28.951 f  nolabel_line49/rgb_reg[7]_i_10/O
                         net (fo=1, routed)           0.715    29.667    nolabel_line49/rgb_reg[7]_i_10_n_0
    SLICE_X13Y20         LUT6 (Prop_lut6_I0_O)        0.124    29.791 f  nolabel_line49/rgb_reg[7]_i_3/O
                         net (fo=8, routed)           0.465    30.256    nolabel_line49/vga_sync_unit/rgb_reg3__3
    SLICE_X15Y19         LUT6 (Prop_lut6_I2_O)        0.124    30.380 r  nolabel_line49/vga_sync_unit/rgb_reg[7]_i_1/O
                         net (fo=1, routed)           0.000    30.380    nolabel_line49/p_0_in[7]
    SLICE_X15Y19         FDRE                                         r  nolabel_line49/rgb_reg_reg[7]/D
  -------------------------------------------------------------------    -------------------

                         (clock sys_clk_pin rise edge)
                                                     10.000    10.000 r  
    W5                                                0.000    10.000 r  basys_clock (IN)
                         net (fo=0)                   0.000    10.000    basys_clock
    W5                   IBUF (Prop_ibuf_I_O)         1.388    11.388 r  basys_clock_IBUF_inst/O
                         net (fo=1, routed)           1.862    13.250    basys_clock_IBUF
    BUFGCTRL_X0Y0        BUFG (Prop_bufg_I_O)         0.091    13.341 r  basys_clock_IBUF_BUFG_inst/O
                         net (fo=323, routed)         1.439    14.780    nolabel_line49/basys_clock_IBUF_BUFG
    SLICE_X15Y19         FDRE                                         r  nolabel_line49/rgb_reg_reg[7]/C
                         clock pessimism              0.260    15.040    
                         clock uncertainty           -0.035    15.005    
    SLICE_X15Y19         FDRE (Setup_fdre_C_D)        0.032    15.037    nolabel_line49/rgb_reg_reg[7]
  -------------------------------------------------------------------
                         required time                         15.037    
                         arrival time                         -30.380    
  -------------------------------------------------------------------
                         slack                                -15.343    





Min Delay Paths
--------------------------------------------------------------------------------------
Slack (MET) :             0.072ns  (arrival time - required time)
  Source:                 nolabel_line27/bishop/moves_reg[11]/C
                            (rising edge-triggered cell FDRE clocked by sys_clk_pin  {rise@0.000ns fall@5.000ns period=10.000ns})
  Destination:            nolabel_line27/moves_reg[11]/D
                            (rising edge-triggered cell FDRE clocked by sys_clk_pin  {rise@0.000ns fall@5.000ns period=10.000ns})
  Path Group:             sys_clk_pin
  Path Type:              Hold (Min at Fast Process Corner)
  Requirement:            0.000ns  (sys_clk_pin rise@0.000ns - sys_clk_pin rise@0.000ns)
  Data Path Delay:        0.457ns  (logic 0.209ns (45.764%)  route 0.248ns (54.236%))
  Logic Levels:           1  (LUT4=1)
  Clock Path Skew:        0.265ns (DCD - SCD - CPR)
    Destination Clock Delay (DCD):    1.948ns
    Source Clock Delay      (SCD):    1.434ns
    Clock Pessimism Removal (CPR):    0.249ns

    Location             Delay type                Incr(ns)  Path(ns)    Netlist Resource(s)
  -------------------------------------------------------------------    -------------------
                         (clock sys_clk_pin rise edge)
                                                      0.000     0.000 r  
    W5                                                0.000     0.000 r  basys_clock (IN)
                         net (fo=0)                   0.000     0.000    basys_clock
    W5                   IBUF (Prop_ibuf_I_O)         0.226     0.226 r  basys_clock_IBUF_inst/O
                         net (fo=1, routed)           0.631     0.858    basys_clock_IBUF
    BUFGCTRL_X0Y0        BUFG (Prop_bufg_I_O)         0.026     0.884 r  basys_clock_IBUF_BUFG_inst/O
                         net (fo=323, routed)         0.551     1.434    nolabel_line27/bishop/basys_clock_IBUF_BUFG
    SLICE_X42Y23         FDRE                                         r  nolabel_line27/bishop/moves_reg[11]/C
  -------------------------------------------------------------------    -------------------
    SLICE_X42Y23         FDRE (Prop_fdre_C_Q)         0.164     1.598 r  nolabel_line27/bishop/moves_reg[11]/Q
                         net (fo=1, routed)           0.248     1.846    nolabel_line27/bishop/bishop_moves_out[11]
    SLICE_X34Y19         LUT4 (Prop_lut4_I2_O)        0.045     1.891 r  nolabel_line27/bishop/moves[11]_i_1__0/O
                         net (fo=1, routed)           0.000     1.891    nolabel_line27/bishop_n_73
    SLICE_X34Y19         FDRE                                         r  nolabel_line27/moves_reg[11]/D
  -------------------------------------------------------------------    -------------------

                         (clock sys_clk_pin rise edge)
                                                      0.000     0.000 r  
    W5                                                0.000     0.000 r  basys_clock (IN)
                         net (fo=0)                   0.000     0.000    basys_clock
    W5                   IBUF (Prop_ibuf_I_O)         0.414     0.414 r  basys_clock_IBUF_inst/O
                         net (fo=1, routed)           0.685     1.099    basys_clock_IBUF
    BUFGCTRL_X0Y0        BUFG (Prop_bufg_I_O)         0.029     1.128 r  basys_clock_IBUF_BUFG_inst/O
                         net (fo=323, routed)         0.821     1.948    nolabel_line27/basys_clock_IBUF_BUFG
    SLICE_X34Y19         FDRE                                         r  nolabel_line27/moves_reg[11]/C
                         clock pessimism             -0.249     1.699    
    SLICE_X34Y19         FDRE (Hold_fdre_C_D)         0.120     1.819    nolabel_line27/moves_reg[11]
  -------------------------------------------------------------------
                         required time                         -1.819    
                         arrival time                           1.891    
  -------------------------------------------------------------------
                         slack                                  0.072    

Slack (MET) :             0.113ns  (arrival time - required time)
  Source:                 nolabel_line27/bishop/moves_reg[3]/C
                            (rising edge-triggered cell FDRE clocked by sys_clk_pin  {rise@0.000ns fall@5.000ns period=10.000ns})
  Destination:            nolabel_line27/moves_reg[3]/D
                            (rising edge-triggered cell FDRE clocked by sys_clk_pin  {rise@0.000ns fall@5.000ns period=10.000ns})
  Path Group:             sys_clk_pin
  Path Type:              Hold (Min at Fast Process Corner)
  Requirement:            0.000ns  (sys_clk_pin rise@0.000ns - sys_clk_pin rise@0.000ns)
  Data Path Delay:        0.470ns  (logic 0.186ns (39.597%)  route 0.284ns (60.403%))
  Logic Levels:           1  (LUT4=1)
  Clock Path Skew:        0.266ns (DCD - SCD - CPR)
    Destination Clock Delay (DCD):    1.949ns
    Source Clock Delay      (SCD):    1.434ns
    Clock Pessimism Removal (CPR):    0.249ns

    Location             Delay type                Incr(ns)  Path(ns)    Netlist Resource(s)
  -------------------------------------------------------------------    -------------------
                         (clock sys_clk_pin rise edge)
                                                      0.000     0.000 r  
    W5                                                0.000     0.000 r  basys_clock (IN)
                         net (fo=0)                   0.000     0.000    basys_clock
    W5                   IBUF (Prop_ibuf_I_O)         0.226     0.226 r  basys_clock_IBUF_inst/O
                         net (fo=1, routed)           0.631     0.858    basys_clock_IBUF
    BUFGCTRL_X0Y0        BUFG (Prop_bufg_I_O)         0.026     0.884 r  basys_clock_IBUF_BUFG_inst/O
                         net (fo=323, routed)         0.551     1.434    nolabel_line27/bishop/basys_clock_IBUF_BUFG
    SLICE_X41Y23         FDRE                                         r  nolabel_line27/bishop/moves_reg[3]/C
  -------------------------------------------------------------------    -------------------
    SLICE_X41Y23         FDRE (Prop_fdre_C_Q)         0.141     1.575 r  nolabel_line27/bishop/moves_reg[3]/Q
                         net (fo=1, routed)           0.284     1.859    nolabel_line27/bishop/bishop_moves_out[3]
    SLICE_X33Y19         LUT4 (Prop_lut4_I2_O)        0.045     1.904 r  nolabel_line27/bishop/moves[3]_i_1__0/O
                         net (fo=1, routed)           0.000     1.904    nolabel_line27/bishop_n_81
    SLICE_X33Y19         FDRE                                         r  nolabel_line27/moves_reg[3]/D
  -------------------------------------------------------------------    -------------------

                         (clock sys_clk_pin rise edge)
                                                      0.000     0.000 r  
    W5                                                0.000     0.000 r  basys_clock (IN)
                         net (fo=0)                   0.000     0.000    basys_clock
    W5                   IBUF (Prop_ibuf_I_O)         0.414     0.414 r  basys_clock_IBUF_inst/O
                         net (fo=1, routed)           0.685     1.099    basys_clock_IBUF
    BUFGCTRL_X0Y0        BUFG (Prop_bufg_I_O)         0.029     1.128 r  basys_clock_IBUF_BUFG_inst/O
                         net (fo=323, routed)         0.822     1.949    nolabel_line27/basys_clock_IBUF_BUFG
    SLICE_X33Y19         FDRE                                         r  nolabel_line27/moves_reg[3]/C
                         clock pessimism             -0.249     1.700    
    SLICE_X33Y19         FDRE (Hold_fdre_C_D)         0.091     1.791    nolabel_line27/moves_reg[3]
  -------------------------------------------------------------------
                         required time                         -1.791    
                         arrival time                           1.904    
  -------------------------------------------------------------------
                         slack                                  0.113    

Slack (MET) :             0.132ns  (arrival time - required time)
  Source:                 nolabel_line27/pawn/moves_reg[54]/C
                            (rising edge-triggered cell FDRE clocked by sys_clk_pin  {rise@0.000ns fall@5.000ns period=10.000ns})
  Destination:            nolabel_line27/moves_reg[54]/D
                            (rising edge-triggered cell FDRE clocked by sys_clk_pin  {rise@0.000ns fall@5.000ns period=10.000ns})
  Path Group:             sys_clk_pin
  Path Type:              Hold (Min at Fast Process Corner)
  Requirement:            0.000ns  (sys_clk_pin rise@0.000ns - sys_clk_pin rise@0.000ns)
  Data Path Delay:        0.266ns  (logic 0.186ns (69.898%)  route 0.080ns (30.103%))
  Logic Levels:           1  (LUT4=1)
  Clock Path Skew:        0.013ns (DCD - SCD - CPR)
    Destination Clock Delay (DCD):    1.945ns
    Source Clock Delay      (SCD):    1.435ns
    Clock Pessimism Removal (CPR):    0.497ns

    Location             Delay type                Incr(ns)  Path(ns)    Netlist Resource(s)
  -------------------------------------------------------------------    -------------------
                         (clock sys_clk_pin rise edge)
                                                      0.000     0.000 r  
    W5                                                0.000     0.000 r  basys_clock (IN)
                         net (fo=0)                   0.000     0.000    basys_clock
    W5                   IBUF (Prop_ibuf_I_O)         0.226     0.226 r  basys_clock_IBUF_inst/O
                         net (fo=1, routed)           0.631     0.858    basys_clock_IBUF
    BUFGCTRL_X0Y0        BUFG (Prop_bufg_I_O)         0.026     0.884 r  basys_clock_IBUF_BUFG_inst/O
                         net (fo=323, routed)         0.552     1.435    nolabel_line27/pawn/basys_clock_IBUF_BUFG
    SLICE_X35Y22         FDRE                                         r  nolabel_line27/pawn/moves_reg[54]/C
  -------------------------------------------------------------------    -------------------
    SLICE_X35Y22         FDRE (Prop_fdre_C_Q)         0.141     1.576 r  nolabel_line27/pawn/moves_reg[54]/Q
                         net (fo=1, routed)           0.080     1.656    nolabel_line27/bishop/pawn_moves_out[54]
    SLICE_X34Y22         LUT4 (Prop_lut4_I3_O)        0.045     1.701 r  nolabel_line27/bishop/moves[54]_i_1__0/O
                         net (fo=1, routed)           0.000     1.701    nolabel_line27/bishop_n_30
    SLICE_X34Y22         FDRE                                         r  nolabel_line27/moves_reg[54]/D
  -------------------------------------------------------------------    -------------------

                         (clock sys_clk_pin rise edge)
                                                      0.000     0.000 r  
    W5                                                0.000     0.000 r  basys_clock (IN)
                         net (fo=0)                   0.000     0.000    basys_clock
    W5                   IBUF (Prop_ibuf_I_O)         0.414     0.414 r  basys_clock_IBUF_inst/O
                         net (fo=1, routed)           0.685     1.099    basys_clock_IBUF
    BUFGCTRL_X0Y0        BUFG (Prop_bufg_I_O)         0.029     1.128 r  basys_clock_IBUF_BUFG_inst/O
                         net (fo=323, routed)         0.818     1.945    nolabel_line27/basys_clock_IBUF_BUFG
    SLICE_X34Y22         FDRE                                         r  nolabel_line27/moves_reg[54]/C
                         clock pessimism             -0.497     1.448    
    SLICE_X34Y22         FDRE (Hold_fdre_C_D)         0.121     1.569    nolabel_line27/moves_reg[54]
  -------------------------------------------------------------------
                         required time                         -1.569    
                         arrival time                           1.701    
  -------------------------------------------------------------------
                         slack                                  0.132    

Slack (MET) :             0.132ns  (arrival time - required time)
  Source:                 nolabel_line27/pawn/moves_reg[9]/C
                            (rising edge-triggered cell FDRE clocked by sys_clk_pin  {rise@0.000ns fall@5.000ns period=10.000ns})
  Destination:            nolabel_line27/moves_reg[9]/D
                            (rising edge-triggered cell FDRE clocked by sys_clk_pin  {rise@0.000ns fall@5.000ns period=10.000ns})
  Path Group:             sys_clk_pin
  Path Type:              Hold (Min at Fast Process Corner)
  Requirement:            0.000ns  (sys_clk_pin rise@0.000ns - sys_clk_pin rise@0.000ns)
  Data Path Delay:        0.266ns  (logic 0.186ns (69.898%)  route 0.080ns (30.103%))
  Logic Levels:           1  (LUT4=1)
  Clock Path Skew:        0.013ns (DCD - SCD - CPR)
    Destination Clock Delay (DCD):    1.947ns
    Source Clock Delay      (SCD):    1.436ns
    Clock Pessimism Removal (CPR):    0.498ns

    Location             Delay type                Incr(ns)  Path(ns)    Netlist Resource(s)
  -------------------------------------------------------------------    -------------------
                         (clock sys_clk_pin rise edge)
                                                      0.000     0.000 r  
    W5                                                0.000     0.000 r  basys_clock (IN)
                         net (fo=0)                   0.000     0.000    basys_clock
    W5                   IBUF (Prop_ibuf_I_O)         0.226     0.226 r  basys_clock_IBUF_inst/O
                         net (fo=1, routed)           0.631     0.858    basys_clock_IBUF
    BUFGCTRL_X0Y0        BUFG (Prop_bufg_I_O)         0.026     0.884 r  basys_clock_IBUF_BUFG_inst/O
                         net (fo=323, routed)         0.553     1.436    nolabel_line27/pawn/basys_clock_IBUF_BUFG
    SLICE_X35Y20         FDRE                                         r  nolabel_line27/pawn/moves_reg[9]/C
  -------------------------------------------------------------------    -------------------
    SLICE_X35Y20         FDRE (Prop_fdre_C_Q)         0.141     1.577 r  nolabel_line27/pawn/moves_reg[9]/Q
                         net (fo=1, routed)           0.080     1.657    nolabel_line27/bishop/pawn_moves_out[9]
    SLICE_X34Y20         LUT4 (Prop_lut4_I3_O)        0.045     1.702 r  nolabel_line27/bishop/moves[9]_i_1__0/O
                         net (fo=1, routed)           0.000     1.702    nolabel_line27/bishop_n_75
    SLICE_X34Y20         FDRE                                         r  nolabel_line27/moves_reg[9]/D
  -------------------------------------------------------------------    -------------------

                         (clock sys_clk_pin rise edge)
                                                      0.000     0.000 r  
    W5                                                0.000     0.000 r  basys_clock (IN)
                         net (fo=0)                   0.000     0.000    basys_clock
    W5                   IBUF (Prop_ibuf_I_O)         0.414     0.414 r  basys_clock_IBUF_inst/O
                         net (fo=1, routed)           0.685     1.099    basys_clock_IBUF
    BUFGCTRL_X0Y0        BUFG (Prop_bufg_I_O)         0.029     1.128 r  basys_clock_IBUF_BUFG_inst/O
                         net (fo=323, routed)         0.820     1.947    nolabel_line27/basys_clock_IBUF_BUFG
    SLICE_X34Y20         FDRE                                         r  nolabel_line27/moves_reg[9]/C
                         clock pessimism             -0.498     1.449    
    SLICE_X34Y20         FDRE (Hold_fdre_C_D)         0.121     1.570    nolabel_line27/moves_reg[9]
  -------------------------------------------------------------------
                         required time                         -1.570    
                         arrival time                           1.702    
  -------------------------------------------------------------------
                         slack                                  0.132    

Slack (MET) :             0.138ns  (arrival time - required time)
  Source:                 nolabel_line27/pawn/moves_reg[46]/C
                            (rising edge-triggered cell FDRE clocked by sys_clk_pin  {rise@0.000ns fall@5.000ns period=10.000ns})
  Destination:            nolabel_line27/moves_reg[46]/D
                            (rising edge-triggered cell FDRE clocked by sys_clk_pin  {rise@0.000ns fall@5.000ns period=10.000ns})
  Path Group:             sys_clk_pin
  Path Type:              Hold (Min at Fast Process Corner)
  Requirement:            0.000ns  (sys_clk_pin rise@0.000ns - sys_clk_pin rise@0.000ns)
  Data Path Delay:        0.243ns  (logic 0.186ns (76.391%)  route 0.057ns (23.609%))
  Logic Levels:           1  (LUT4=1)
  Clock Path Skew:        0.013ns (DCD - SCD - CPR)
    Destination Clock Delay (DCD):    1.946ns
    Source Clock Delay      (SCD):    1.436ns
    Clock Pessimism Removal (CPR):    0.497ns

    Location             Delay type                Incr(ns)  Path(ns)    Netlist Resource(s)
  -------------------------------------------------------------------    -------------------
                         (clock sys_clk_pin rise edge)
                                                      0.000     0.000 r  
    W5                                                0.000     0.000 r  basys_clock (IN)
                         net (fo=0)                   0.000     0.000    basys_clock
    W5                   IBUF (Prop_ibuf_I_O)         0.226     0.226 r  basys_clock_IBUF_inst/O
                         net (fo=1, routed)           0.631     0.858    basys_clock_IBUF
    BUFGCTRL_X0Y0        BUFG (Prop_bufg_I_O)         0.026     0.884 r  basys_clock_IBUF_BUFG_inst/O
                         net (fo=323, routed)         0.553     1.436    nolabel_line27/pawn/basys_clock_IBUF_BUFG
    SLICE_X33Y22         FDRE                                         r  nolabel_line27/pawn/moves_reg[46]/C
  -------------------------------------------------------------------    -------------------
    SLICE_X33Y22         FDRE (Prop_fdre_C_Q)         0.141     1.577 r  nolabel_line27/pawn/moves_reg[46]/Q
                         net (fo=1, routed)           0.057     1.635    nolabel_line27/bishop/pawn_moves_out[46]
    SLICE_X32Y22         LUT4 (Prop_lut4_I3_O)        0.045     1.680 r  nolabel_line27/bishop/moves[46]_i_1__0/O
                         net (fo=1, routed)           0.000     1.680    nolabel_line27/bishop_n_38
    SLICE_X32Y22         FDRE                                         r  nolabel_line27/moves_reg[46]/D
  -------------------------------------------------------------------    -------------------

                         (clock sys_clk_pin rise edge)
                                                      0.000     0.000 r  
    W5                                                0.000     0.000 r  basys_clock (IN)
                         net (fo=0)                   0.000     0.000    basys_clock
    W5                   IBUF (Prop_ibuf_I_O)         0.414     0.414 r  basys_clock_IBUF_inst/O
                         net (fo=1, routed)           0.685     1.099    basys_clock_IBUF
    BUFGCTRL_X0Y0        BUFG (Prop_bufg_I_O)         0.029     1.128 r  basys_clock_IBUF_BUFG_inst/O
                         net (fo=323, routed)         0.819     1.946    nolabel_line27/basys_clock_IBUF_BUFG
    SLICE_X32Y22         FDRE                                         r  nolabel_line27/moves_reg[46]/C
                         clock pessimism             -0.497     1.449    
    SLICE_X32Y22         FDRE (Hold_fdre_C_D)         0.092     1.541    nolabel_line27/moves_reg[46]
  -------------------------------------------------------------------
                         required time                         -1.541    
                         arrival time                           1.680    
  -------------------------------------------------------------------
                         slack                                  0.138    

Slack (MET) :             0.140ns  (arrival time - required time)
  Source:                 nolabel_line27/pawn/moves_reg[14]/C
                            (rising edge-triggered cell FDRE clocked by sys_clk_pin  {rise@0.000ns fall@5.000ns period=10.000ns})
  Destination:            nolabel_line27/moves_reg[14]/D
                            (rising edge-triggered cell FDRE clocked by sys_clk_pin  {rise@0.000ns fall@5.000ns period=10.000ns})
  Path Group:             sys_clk_pin
  Path Type:              Hold (Min at Fast Process Corner)
  Requirement:            0.000ns  (sys_clk_pin rise@0.000ns - sys_clk_pin rise@0.000ns)
  Data Path Delay:        0.273ns  (logic 0.186ns (68.106%)  route 0.087ns (31.894%))
  Logic Levels:           1  (LUT4=1)
  Clock Path Skew:        0.013ns (DCD - SCD - CPR)
    Destination Clock Delay (DCD):    1.945ns
    Source Clock Delay      (SCD):    1.435ns
    Clock Pessimism Removal (CPR):    0.497ns

    Location             Delay type                Incr(ns)  Path(ns)    Netlist Resource(s)
  -------------------------------------------------------------------    -------------------
                         (clock sys_clk_pin rise edge)
                                                      0.000     0.000 r  
    W5                                                0.000     0.000 r  basys_clock (IN)
                         net (fo=0)                   0.000     0.000    basys_clock
    W5                   IBUF (Prop_ibuf_I_O)         0.226     0.226 r  basys_clock_IBUF_inst/O
                         net (fo=1, routed)           0.631     0.858    basys_clock_IBUF
    BUFGCTRL_X0Y0        BUFG (Prop_bufg_I_O)         0.026     0.884 r  basys_clock_IBUF_BUFG_inst/O
                         net (fo=323, routed)         0.552     1.435    nolabel_line27/pawn/basys_clock_IBUF_BUFG
    SLICE_X35Y22         FDRE                                         r  nolabel_line27/pawn/moves_reg[14]/C
  -------------------------------------------------------------------    -------------------
    SLICE_X35Y22         FDRE (Prop_fdre_C_Q)         0.141     1.576 r  nolabel_line27/pawn/moves_reg[14]/Q
                         net (fo=1, routed)           0.087     1.663    nolabel_line27/bishop/pawn_moves_out[14]
    SLICE_X34Y22         LUT4 (Prop_lut4_I3_O)        0.045     1.708 r  nolabel_line27/bishop/moves[14]_i_1__0/O
                         net (fo=1, routed)           0.000     1.708    nolabel_line27/bishop_n_70
    SLICE_X34Y22         FDRE                                         r  nolabel_line27/moves_reg[14]/D
  -------------------------------------------------------------------    -------------------

                         (clock sys_clk_pin rise edge)
                                                      0.000     0.000 r  
    W5                                                0.000     0.000 r  basys_clock (IN)
                         net (fo=0)                   0.000     0.000    basys_clock
    W5                   IBUF (Prop_ibuf_I_O)         0.414     0.414 r  basys_clock_IBUF_inst/O
                         net (fo=1, routed)           0.685     1.099    basys_clock_IBUF
    BUFGCTRL_X0Y0        BUFG (Prop_bufg_I_O)         0.029     1.128 r  basys_clock_IBUF_BUFG_inst/O
                         net (fo=323, routed)         0.818     1.945    nolabel_line27/basys_clock_IBUF_BUFG
    SLICE_X34Y22         FDRE                                         r  nolabel_line27/moves_reg[14]/C
                         clock pessimism             -0.497     1.448    
    SLICE_X34Y22         FDRE (Hold_fdre_C_D)         0.120     1.568    nolabel_line27/moves_reg[14]
  -------------------------------------------------------------------
                         required time                         -1.568    
                         arrival time                           1.708    
  -------------------------------------------------------------------
                         slack                                  0.140    

Slack (MET) :             0.154ns  (arrival time - required time)
  Source:                 nolabel_line27/pawn/moves_reg[37]/C
                            (rising edge-triggered cell FDRE clocked by sys_clk_pin  {rise@0.000ns fall@5.000ns period=10.000ns})
  Destination:            nolabel_line27/moves_reg[37]/D
                            (rising edge-triggered cell FDRE clocked by sys_clk_pin  {rise@0.000ns fall@5.000ns period=10.000ns})
  Path Group:             sys_clk_pin
  Path Type:              Hold (Min at Fast Process Corner)
  Requirement:            0.000ns  (sys_clk_pin rise@0.000ns - sys_clk_pin rise@0.000ns)
  Data Path Delay:        0.259ns  (logic 0.209ns (80.663%)  route 0.050ns (19.337%))
  Logic Levels:           1  (LUT4=1)
  Clock Path Skew:        0.013ns (DCD - SCD - CPR)
    Destination Clock Delay (DCD):    1.946ns
    Source Clock Delay      (SCD):    1.435ns
    Clock Pessimism Removal (CPR):    0.498ns

    Location             Delay type                Incr(ns)  Path(ns)    Netlist Resource(s)
  -------------------------------------------------------------------    -------------------
                         (clock sys_clk_pin rise edge)
                                                      0.000     0.000 r  
    W5                                                0.000     0.000 r  basys_clock (IN)
                         net (fo=0)                   0.000     0.000    basys_clock
    W5                   IBUF (Prop_ibuf_I_O)         0.226     0.226 r  basys_clock_IBUF_inst/O
                         net (fo=1, routed)           0.631     0.858    basys_clock_IBUF
    BUFGCTRL_X0Y0        BUFG (Prop_bufg_I_O)         0.026     0.884 r  basys_clock_IBUF_BUFG_inst/O
                         net (fo=323, routed)         0.552     1.435    nolabel_line27/pawn/basys_clock_IBUF_BUFG
    SLICE_X34Y21         FDRE                                         r  nolabel_line27/pawn/moves_reg[37]/C
  -------------------------------------------------------------------    -------------------
    SLICE_X34Y21         FDRE (Prop_fdre_C_Q)         0.164     1.599 r  nolabel_line27/pawn/moves_reg[37]/Q
                         net (fo=1, routed)           0.050     1.649    nolabel_line27/bishop/pawn_moves_out[37]
    SLICE_X35Y21         LUT4 (Prop_lut4_I3_O)        0.045     1.694 r  nolabel_line27/bishop/moves[37]_i_1__0/O
                         net (fo=1, routed)           0.000     1.694    nolabel_line27/bishop_n_47
    SLICE_X35Y21         FDRE                                         r  nolabel_line27/moves_reg[37]/D
  -------------------------------------------------------------------    -------------------

                         (clock sys_clk_pin rise edge)
                                                      0.000     0.000 r  
    W5                                                0.000     0.000 r  basys_clock (IN)
                         net (fo=0)                   0.000     0.000    basys_clock
    W5                   IBUF (Prop_ibuf_I_O)         0.414     0.414 r  basys_clock_IBUF_inst/O
                         net (fo=1, routed)           0.685     1.099    basys_clock_IBUF
    BUFGCTRL_X0Y0        BUFG (Prop_bufg_I_O)         0.029     1.128 r  basys_clock_IBUF_BUFG_inst/O
                         net (fo=323, routed)         0.819     1.946    nolabel_line27/basys_clock_IBUF_BUFG
    SLICE_X35Y21         FDRE                                         r  nolabel_line27/moves_reg[37]/C
                         clock pessimism             -0.498     1.448    
    SLICE_X35Y21         FDRE (Hold_fdre_C_D)         0.092     1.540    nolabel_line27/moves_reg[37]
  -------------------------------------------------------------------
                         required time                         -1.540    
                         arrival time                           1.694    
  -------------------------------------------------------------------
                         slack                                  0.154    

Slack (MET) :             0.158ns  (arrival time - required time)
  Source:                 nolabel_line27/bishop/moves_reg[55]/C
                            (rising edge-triggered cell FDRE clocked by sys_clk_pin  {rise@0.000ns fall@5.000ns period=10.000ns})
  Destination:            nolabel_line27/moves_reg[55]/D
                            (rising edge-triggered cell FDRE clocked by sys_clk_pin  {rise@0.000ns fall@5.000ns period=10.000ns})
  Path Group:             sys_clk_pin
  Path Type:              Hold (Min at Fast Process Corner)
  Requirement:            0.000ns  (sys_clk_pin rise@0.000ns - sys_clk_pin rise@0.000ns)
  Data Path Delay:        0.543ns  (logic 0.186ns (34.272%)  route 0.357ns (65.728%))
  Logic Levels:           1  (LUT4=1)
  Clock Path Skew:        0.264ns (DCD - SCD - CPR)
    Destination Clock Delay (DCD):    1.946ns
    Source Clock Delay      (SCD):    1.433ns
    Clock Pessimism Removal (CPR):    0.249ns

    Location             Delay type                Incr(ns)  Path(ns)    Netlist Resource(s)
  -------------------------------------------------------------------    -------------------
                         (clock sys_clk_pin rise edge)
                                                      0.000     0.000 r  
    W5                                                0.000     0.000 r  basys_clock (IN)
                         net (fo=0)                   0.000     0.000    basys_clock
    W5                   IBUF (Prop_ibuf_I_O)         0.226     0.226 r  basys_clock_IBUF_inst/O
                         net (fo=1, routed)           0.631     0.858    basys_clock_IBUF
    BUFGCTRL_X0Y0        BUFG (Prop_bufg_I_O)         0.026     0.884 r  basys_clock_IBUF_BUFG_inst/O
                         net (fo=323, routed)         0.550     1.433    nolabel_line27/bishop/basys_clock_IBUF_BUFG
    SLICE_X39Y25         FDRE                                         r  nolabel_line27/bishop/moves_reg[55]/C
  -------------------------------------------------------------------    -------------------
    SLICE_X39Y25         FDRE (Prop_fdre_C_Q)         0.141     1.574 r  nolabel_line27/bishop/moves_reg[55]/Q
                         net (fo=1, routed)           0.357     1.931    nolabel_line27/bishop/bishop_moves_out[55]
    SLICE_X30Y22         LUT4 (Prop_lut4_I2_O)        0.045     1.976 r  nolabel_line27/bishop/moves[55]_i_1__1/O
                         net (fo=1, routed)           0.000     1.976    nolabel_line27/bishop_n_29
    SLICE_X30Y22         FDRE                                         r  nolabel_line27/moves_reg[55]/D
  -------------------------------------------------------------------    -------------------

                         (clock sys_clk_pin rise edge)
                                                      0.000     0.000 r  
    W5                                                0.000     0.000 r  basys_clock (IN)
                         net (fo=0)                   0.000     0.000    basys_clock
    W5                   IBUF (Prop_ibuf_I_O)         0.414     0.414 r  basys_clock_IBUF_inst/O
                         net (fo=1, routed)           0.685     1.099    basys_clock_IBUF
    BUFGCTRL_X0Y0        BUFG (Prop_bufg_I_O)         0.029     1.128 r  basys_clock_IBUF_BUFG_inst/O
                         net (fo=323, routed)         0.819     1.946    nolabel_line27/basys_clock_IBUF_BUFG
    SLICE_X30Y22         FDRE                                         r  nolabel_line27/moves_reg[55]/C
                         clock pessimism             -0.249     1.697    
    SLICE_X30Y22         FDRE (Hold_fdre_C_D)         0.121     1.818    nolabel_line27/moves_reg[55]
  -------------------------------------------------------------------
                         required time                         -1.818    
                         arrival time                           1.976    
  -------------------------------------------------------------------
                         slack                                  0.158    

Slack (MET) :             0.160ns  (arrival time - required time)
  Source:                 nolabel_line27/bishop/moves_reg[40]/C
                            (rising edge-triggered cell FDRE clocked by sys_clk_pin  {rise@0.000ns fall@5.000ns period=10.000ns})
  Destination:            nolabel_line27/moves_reg[40]/D
                            (rising edge-triggered cell FDRE clocked by sys_clk_pin  {rise@0.000ns fall@5.000ns period=10.000ns})
  Path Group:             sys_clk_pin
  Path Type:              Hold (Min at Fast Process Corner)
  Requirement:            0.000ns  (sys_clk_pin rise@0.000ns - sys_clk_pin rise@0.000ns)
  Data Path Delay:        0.512ns  (logic 0.186ns (36.326%)  route 0.326ns (63.674%))
  Logic Levels:           1  (LUT4=1)
  Clock Path Skew:        0.260ns (DCD - SCD - CPR)
    Destination Clock Delay (DCD):    1.944ns
    Source Clock Delay      (SCD):    1.435ns
    Clock Pessimism Removal (CPR):    0.249ns

    Location             Delay type                Incr(ns)  Path(ns)    Netlist Resource(s)
  -------------------------------------------------------------------    -------------------
                         (clock sys_clk_pin rise edge)
                                                      0.000     0.000 r  
    W5                                                0.000     0.000 r  basys_clock (IN)
                         net (fo=0)                   0.000     0.000    basys_clock
    W5                   IBUF (Prop_ibuf_I_O)         0.226     0.226 r  basys_clock_IBUF_inst/O
                         net (fo=1, routed)           0.631     0.858    basys_clock_IBUF
    BUFGCTRL_X0Y0        BUFG (Prop_bufg_I_O)         0.026     0.884 r  basys_clock_IBUF_BUFG_inst/O
                         net (fo=323, routed)         0.552     1.435    nolabel_line27/bishop/basys_clock_IBUF_BUFG
    SLICE_X47Y23         FDRE                                         r  nolabel_line27/bishop/moves_reg[40]/C
  -------------------------------------------------------------------    -------------------
    SLICE_X47Y23         FDRE (Prop_fdre_C_Q)         0.141     1.576 r  nolabel_line27/bishop/moves_reg[40]/Q
                         net (fo=1, routed)           0.326     1.902    nolabel_line27/bishop/bishop_moves_out[40]
    SLICE_X31Y23         LUT4 (Prop_lut4_I2_O)        0.045     1.947 r  nolabel_line27/bishop/moves[40]_i_1__0/O
                         net (fo=1, routed)           0.000     1.947    nolabel_line27/bishop_n_44
    SLICE_X31Y23         FDRE                                         r  nolabel_line27/moves_reg[40]/D
  -------------------------------------------------------------------    -------------------

                         (clock sys_clk_pin rise edge)
                                                      0.000     0.000 r  
    W5                                                0.000     0.000 r  basys_clock (IN)
                         net (fo=0)                   0.000     0.000    basys_clock
    W5                   IBUF (Prop_ibuf_I_O)         0.414     0.414 r  basys_clock_IBUF_inst/O
                         net (fo=1, routed)           0.685     1.099    basys_clock_IBUF
    BUFGCTRL_X0Y0        BUFG (Prop_bufg_I_O)         0.029     1.128 r  basys_clock_IBUF_BUFG_inst/O
                         net (fo=323, routed)         0.817     1.944    nolabel_line27/basys_clock_IBUF_BUFG
    SLICE_X31Y23         FDRE                                         r  nolabel_line27/moves_reg[40]/C
                         clock pessimism             -0.249     1.695    
    SLICE_X31Y23         FDRE (Hold_fdre_C_D)         0.092     1.787    nolabel_line27/moves_reg[40]
  -------------------------------------------------------------------
                         required time                         -1.787    
                         arrival time                           1.947    
  -------------------------------------------------------------------
                         slack                                  0.160    

Slack (MET) :             0.162ns  (arrival time - required time)
  Source:                 nolabel_line27/bishop/moves_reg[31]/C
                            (rising edge-triggered cell FDRE clocked by sys_clk_pin  {rise@0.000ns fall@5.000ns period=10.000ns})
  Destination:            nolabel_line27/moves_reg[31]/D
                            (rising edge-triggered cell FDRE clocked by sys_clk_pin  {rise@0.000ns fall@5.000ns period=10.000ns})
  Path Group:             sys_clk_pin
  Path Type:              Hold (Min at Fast Process Corner)
  Requirement:            0.000ns  (sys_clk_pin rise@0.000ns - sys_clk_pin rise@0.000ns)
  Data Path Delay:        0.516ns  (logic 0.186ns (36.028%)  route 0.330ns (63.972%))
  Logic Levels:           1  (LUT4=1)
  Clock Path Skew:        0.262ns (DCD - SCD - CPR)
    Destination Clock Delay (DCD):    1.947ns
    Source Clock Delay      (SCD):    1.436ns
    Clock Pessimism Removal (CPR):    0.249ns

    Location             Delay type                Incr(ns)  Path(ns)    Netlist Resource(s)
  -------------------------------------------------------------------    -------------------
                         (clock sys_clk_pin rise edge)
                                                      0.000     0.000 r  
    W5                                                0.000     0.000 r  basys_clock (IN)
                         net (fo=0)                   0.000     0.000    basys_clock
    W5                   IBUF (Prop_ibuf_I_O)         0.226     0.226 r  basys_clock_IBUF_inst/O
                         net (fo=1, routed)           0.631     0.858    basys_clock_IBUF
    BUFGCTRL_X0Y0        BUFG (Prop_bufg_I_O)         0.026     0.884 r  basys_clock_IBUF_BUFG_inst/O
                         net (fo=323, routed)         0.553     1.436    nolabel_line27/bishop/basys_clock_IBUF_BUFG
    SLICE_X40Y27         FDRE                                         r  nolabel_line27/bishop/moves_reg[31]/C
  -------------------------------------------------------------------    -------------------
    SLICE_X40Y27         FDRE (Prop_fdre_C_Q)         0.141     1.577 r  nolabel_line27/bishop/moves_reg[31]/Q
                         net (fo=1, routed)           0.330     1.907    nolabel_line27/bishop/bishop_moves_out[31]
    SLICE_X29Y22         LUT4 (Prop_lut4_I2_O)        0.045     1.952 r  nolabel_line27/bishop/moves[31]_i_1__1/O
                         net (fo=1, routed)           0.000     1.952    nolabel_line27/bishop_n_53
    SLICE_X29Y22         FDRE                                         r  nolabel_line27/moves_reg[31]/D
  -------------------------------------------------------------------    -------------------

                         (clock sys_clk_pin rise edge)
                                                      0.000     0.000 r  
    W5                                                0.000     0.000 r  basys_clock (IN)
                         net (fo=0)                   0.000     0.000    basys_clock
    W5                   IBUF (Prop_ibuf_I_O)         0.414     0.414 r  basys_clock_IBUF_inst/O
                         net (fo=1, routed)           0.685     1.099    basys_clock_IBUF
    BUFGCTRL_X0Y0        BUFG (Prop_bufg_I_O)         0.029     1.128 r  basys_clock_IBUF_BUFG_inst/O
                         net (fo=323, routed)         0.820     1.947    nolabel_line27/basys_clock_IBUF_BUFG
    SLICE_X29Y22         FDRE                                         r  nolabel_line27/moves_reg[31]/C
                         clock pessimism             -0.249     1.698    
    SLICE_X29Y22         FDRE (Hold_fdre_C_D)         0.092     1.790    nolabel_line27/moves_reg[31]
  -------------------------------------------------------------------
                         required time                         -1.790    
                         arrival time                           1.952    
  -------------------------------------------------------------------
                         slack                                  0.162    





Pulse Width Checks
--------------------------------------------------------------------------------------
Clock Name:         sys_clk_pin
Waveform(ns):       { 0.000 5.000 }
Period(ns):         10.000
Sources:            { basys_clock }

Check Type        Corner  Lib Pin  Reference Pin  Required(ns)  Actual(ns)  Slack(ns)  Location       Pin
Min Period        n/a     BUFG/I   n/a            2.155         10.000      7.845      BUFGCTRL_X0Y0  basys_clock_IBUF_BUFG_inst/I
Min Period        n/a     FDRE/C   n/a            1.000         10.000      9.000      SLICE_X49Y9    nolabel_line35/oled_data_reg[10]/C
Min Period        n/a     FDRE/C   n/a            1.000         10.000      9.000      SLICE_X49Y10   nolabel_line35/oled_data_reg[13]/C
Min Period        n/a     FDRE/C   n/a            1.000         10.000      9.000      SLICE_X49Y9    nolabel_line35/oled_data_reg[14]/C
Min Period        n/a     FDRE/C   n/a            1.000         10.000      9.000      SLICE_X49Y9    nolabel_line35/oled_data_reg[15]/C
Min Period        n/a     FDRE/C   n/a            1.000         10.000      9.000      SLICE_X41Y19   nolabel_line49/rgb_reg_reg[10]/C
Min Period        n/a     FDSE/C   n/a            1.000         10.000      9.000      SLICE_X13Y19   nolabel_line49/rgb_reg_reg[11]/C
Min Period        n/a     FDSE/C   n/a            1.000         10.000      9.000      SLICE_X13Y21   nolabel_line49/rgb_reg_reg[1]/C
Min Period        n/a     FDSE/C   n/a            1.000         10.000      9.000      SLICE_X13Y21   nolabel_line49/rgb_reg_reg[1]_lopt_replica/C
Min Period        n/a     FDSE/C   n/a            1.000         10.000      9.000      SLICE_X13Y20   nolabel_line49/rgb_reg_reg[2]/C
Low Pulse Width   Slow    FDRE/C   n/a            0.500         5.000       4.500      SLICE_X38Y43   nolabel_line14/slow_clock_6p25MHz/count_reg[13]/C
Low Pulse Width   Slow    FDRE/C   n/a            0.500         5.000       4.500      SLICE_X38Y43   nolabel_line14/slow_clock_6p25MHz/count_reg[14]/C
Low Pulse Width   Slow    FDRE/C   n/a            0.500         5.000       4.500      SLICE_X38Y43   nolabel_line14/slow_clock_6p25MHz/count_reg[15]/C
Low Pulse Width   Slow    FDRE/C   n/a            0.500         5.000       4.500      SLICE_X38Y43   nolabel_line14/slow_clock_6p25MHz/count_reg[16]/C
Low Pulse Width   Slow    FDRE/C   n/a            0.500         5.000       4.500      SLICE_X38Y44   nolabel_line14/slow_clock_6p25MHz/count_reg[17]/C
Low Pulse Width   Slow    FDRE/C   n/a            0.500         5.000       4.500      SLICE_X38Y44   nolabel_line14/slow_clock_6p25MHz/count_reg[18]/C
Low Pulse Width   Slow    FDRE/C   n/a            0.500         5.000       4.500      SLICE_X38Y44   nolabel_line14/slow_clock_6p25MHz/count_reg[19]/C
Low Pulse Width   Slow    FDRE/C   n/a            0.500         5.000       4.500      SLICE_X38Y44   nolabel_line14/slow_clock_6p25MHz/count_reg[20]/C
Low Pulse Width   Slow    FDRE/C   n/a            0.500         5.000       4.500      SLICE_X38Y45   nolabel_line14/slow_clock_6p25MHz/count_reg[21]/C
Low Pulse Width   Slow    FDRE/C   n/a            0.500         5.000       4.500      SLICE_X38Y45   nolabel_line14/slow_clock_6p25MHz/count_reg[22]/C
High Pulse Width  Slow    FDSE/C   n/a            0.500         5.000       4.500      SLICE_X13Y19   nolabel_line49/rgb_reg_reg[11]/C
High Pulse Width  Slow    FDSE/C   n/a            0.500         5.000       4.500      SLICE_X13Y20   nolabel_line49/rgb_reg_reg[2]/C
High Pulse Width  Slow    FDSE/C   n/a            0.500         5.000       4.500      SLICE_X13Y20   nolabel_line49/rgb_reg_reg[3]/C
High Pulse Width  Slow    FDRE/C   n/a            0.500         5.000       4.500      SLICE_X15Y19   nolabel_line49/rgb_reg_reg[5]/C
High Pulse Width  Slow    FDRE/C   n/a            0.500         5.000       4.500      SLICE_X14Y19   nolabel_line49/rgb_reg_reg[5]_lopt_replica/C
High Pulse Width  Slow    FDRE/C   n/a            0.500         5.000       4.500      SLICE_X12Y20   nolabel_line49/rgb_reg_reg[6]/C
High Pulse Width  Slow    FDRE/C   n/a            0.500         5.000       4.500      SLICE_X15Y19   nolabel_line49/rgb_reg_reg[7]/C
High Pulse Width  Slow    FDSE/C   n/a            0.500         5.000       4.500      SLICE_X13Y19   nolabel_line49/rgb_reg_reg[9]/C
High Pulse Width  Slow    FDSE/C   n/a            0.500         5.000       4.500      SLICE_X13Y19   nolabel_line49/rgb_reg_reg[9]_lopt_replica/C
High Pulse Width  Slow    FDRE/C   n/a            0.500         5.000       4.500      SLICE_X12Y20   nolabel_line49/vga_background_render_inst/data_reg[11]/C



